{"textures":{"0":"modelengine:entity/astral_projection"},"elements":[{"from":[6.0,-3.8500004,6.0],"to":[10.0,2.1499996,10.0],"faces":{"east":{"uv":[3.0,8.0,4.0,9.5],"tintindex":0,"rotation":0,"texture":"#0"},"south":{"uv":[8.0,3.0,9.0,4.5],"tintindex":0,"rotation":0,"texture":"#0"},"north":{"uv":[2.0,8.0,3.0,9.5],"tintindex":0,"rotation":0,"texture":"#0"},"west":{"uv":[4.0,8.0,5.0,9.5],"tintindex":0,"rotation":0,"texture":"#0"},"up":{"uv":[9.0,8.5,8.0,7.5],"tintindex":0,"rotation":0,"texture":"#0"},"down":{"uv":[1.0,8.5,0.0,9.5],"tintindex":0,"rotation":0,"texture":"#0"}}},{"from":[6.0,2.1499996,6.0],"to":[10.0,8.15,10.0],"faces":{"east":{"uv":[7.0,6.5,8.0,8.0],"tintindex":0,"rotation":0,"texture":"#0"},"south":{"uv":[8.0,0.0,9.0,1.5],"tintindex":0,"rotation":0,"texture":"#0"},"north":{"uv":[7.0,5.0,8.0,6.5],"tintindex":0,"rotation":0,"texture":"#0"},"west":{"uv":[8.0,1.5,9.0,3.0],"tintindex":0,"rotation":0,"texture":"#0"},"up":{"uv":[9.0,7.5,8.0,6.5],"tintindex":0,"rotation":0,"texture":"#0"},"down":{"uv":[8.0,8.0,7.0,9.0],"tintindex":0,"rotation":0,"texture":"#0"}}}],"display":{"gui":{"rotation":[30,225,0]}}}