{"textures":{"0":"modelengine:entity/astral_projection"},"elements":[{"from":[8.0,3.0,6.0],"to":[12.0,9.0,10.0],"faces":{"east":{"uv":[7.0,6.5,6.0,8.0],"tintindex":0,"rotation":0,"texture":"#0"},"south":{"uv":[6.0,6.5,5.0,8.0],"tintindex":0,"rotation":0,"texture":"#0"},"north":{"uv":[4.0,6.5,3.0,8.0],"tintindex":0,"rotation":0,"texture":"#0"},"west":{"uv":[5.0,6.5,4.0,8.0],"tintindex":0,"rotation":0,"texture":"#0"},"up":{"uv":[8.0,5.5,9.0,4.5],"tintindex":0,"rotation":0,"texture":"#0"},"down":{"uv":[5.0,8.0,6.0,9.0],"tintindex":0,"rotation":0,"texture":"#0"}}},{"from":[8.0,-3.0,6.0],"to":[12.0,3.0,10.0],"faces":{"east":{"uv":[8.0,3.5,7.0,5.0],"tintindex":0,"rotation":0,"texture":"#0"},"south":{"uv":[8.0,2.0,7.0,3.5],"tintindex":0,"rotation":0,"texture":"#0"},"north":{"uv":[1.0,7.0,0.0,8.5],"tintindex":0,"rotation":0,"texture":"#0"},"west":{"uv":[2.0,7.0,1.0,8.5],"tintindex":0,"rotation":0,"texture":"#0"},"up":{"uv":[8.0,6.5,9.0,5.5],"tintindex":0,"rotation":0,"texture":"#0"},"down":{"uv":[6.0,8.0,7.0,9.0],"tintindex":0,"rotation":0,"texture":"#0"}}}],"display":{"gui":{"rotation":[30,225,0]}}}