{"textures":{"1":"modelengine:entity/feather_scatter"},"elements":[{"from":[6.0499997,8.272877,2.231595],"to":[9.950001,8.272877,6.431595],"faces":{"up":{"uv":[3.5,0.0,0.0,3.25],"tintindex":0,"rotation":90,"texture":"#1"},"down":{"uv":[3.5,3.25,0.0,0.0],"tintindex":0,"rotation":270,"texture":"#1"}},"rotation":{"origin":[8.0,8.272877,4.6315947],"angle":22.5,"axis":"x"}},{"from":[7.79,7.8332653,9.803693],"to":[8.21,8.253265,13.103693],"faces":{"east":{"uv":[8.75,7.5,6.0,7.75],"tintindex":0,"rotation":0,"texture":"#1"},"south":{"uv":[8.75,1.0,8.5,1.25],"tintindex":0,"rotation":0,"texture":"#1"},"north":{"uv":[8.75,1.5,8.5,1.75],"tintindex":0,"rotation":0,"texture":"#1"},"west":{"uv":[5.75,7.5,3.0,7.75],"tintindex":0,"rotation":0,"texture":"#1"},"up":{"uv":[2.75,8.0,0.0,8.25],"tintindex":0,"rotation":90,"texture":"#1"},"down":{"uv":[5.75,8.25,3.0,8.0],"tintindex":0,"rotation":270,"texture":"#1"}},"rotation":{"origin":[8.0,8.043266,11.003693],"angle":-22.5,"axis":"x"}},{"from":[6.0499997,7.5839996,6.294808],"to":[9.950001,7.5839996,9.894808],"faces":{"up":{"uv":[6.5,0.0,3.5,3.25],"tintindex":0,"rotation":90,"texture":"#1"},"down":{"uv":[6.5,3.25,3.5,0.0],"tintindex":0,"rotation":270,"texture":"#1"}}},{"from":[6.0499997,8.043266,9.803693],"to":[9.950001,8.043266,12.203693],"faces":{"up":{"uv":[8.5,0.0,6.5,3.25],"tintindex":0,"rotation":90,"texture":"#1"},"down":{"uv":[8.5,3.25,6.5,0.0],"tintindex":0,"rotation":270,"texture":"#1"}},"rotation":{"origin":[8.0,8.043266,11.003693],"angle":-22.5,"axis":"x"}},{"from":[7.79,7.390032,6.315401],"to":[8.21,7.810032,9.975401],"faces":{"east":{"uv":[6.0,7.0,3.0,7.25],"tintindex":0,"rotation":0,"texture":"#1"},"south":{"uv":[8.75,2.0,8.5,2.25],"tintindex":0,"rotation":0,"texture":"#1"},"north":{"uv":[2.75,8.5,2.5,8.75],"tintindex":0,"rotation":0,"texture":"#1"},"west":{"uv":[3.0,7.0,0.0,7.25],"tintindex":0,"rotation":0,"texture":"#1"},"up":{"uv":[9.0,7.0,6.0,7.25],"tintindex":0,"rotation":90,"texture":"#1"},"down":{"uv":[3.0,7.75,0.0,7.5],"tintindex":0,"rotation":270,"texture":"#1"}}},{"from":[7.79,8.074356,3.4750648],"to":[8.21,8.494356,6.5350647],"faces":{"east":{"uv":[2.5,8.5,0.0,8.75],"tintindex":0,"rotation":0,"texture":"#1"},"south":{"uv":[8.75,2.5,8.5,2.75],"tintindex":0,"rotation":0,"texture":"#1"},"north":{"uv":[3.25,8.5,3.0,8.75],"tintindex":0,"rotation":0,"texture":"#1"},"west":{"uv":[8.5,8.0,6.0,8.25],"tintindex":0,"rotation":0,"texture":"#1"},"up":{"uv":[11.0,0.0,8.5,0.25],"tintindex":0,"rotation":90,"texture":"#1"},"down":{"uv":[11.0,0.75,8.5,0.5],"tintindex":0,"rotation":270,"texture":"#1"}},"rotation":{"origin":[8.0,8.284357,4.705065],"angle":22.5,"axis":"x"}}],"display":{"gui":{"rotation":[30,225,0]}}}