{"parent":"minecraft:item/generated","textures":{"layer0":"minecraft:item/brick"},"overrides":[{"predicate":{"custom_model_data":400},"model":"adventcalendar:ia_auto_gen/genboot_unclaim"},{"predicate":{"custom_model_data":401},"model":"adventcalendar:ia_auto_gen/genboot_notready"},{"predicate":{"custom_model_data":402},"model":"adventcalendar:ia_auto_gen/genboot_missed"},{"predicate":{"custom_model_data":403},"model":"adventcalendar:ia_auto_gen/genboot_claimedreward"},{"predicate":{"custom_model_data":50089},"model":"adventcalendar:icon/snow_animation"},{"predicate":{"custom_model_data":50090},"model":"item/brick"}]}