{"parent":"minecraft:item/handheld","textures":{"layer0":"minecraft:item/diamond_pickaxe"},"overrides":[{"predicate":{"custom_model_data":10005},"model":"tools:tools/dragonset/purple_dragon_pickaxe"},{"predicate":{"custom_model_data":10007},"model":"tools:tools/fairyset/pickaxe"},{"predicate":{"custom_model_data":10008},"model":"tools:tools/overseer/overseer_pickaxe"},{"predicate":{"custom_model_data":10009},"model":"tools:tools/summerset/pickaxe"},{"predicate":{"custom_model_data":10010},"model":"item/diamond_pickaxe"}]}