{"parent":"minecraft:item/generated","textures":{"layer0":"minecraft:item/paper"},"overrides":[{"predicate":{"custom_model_data":5000},"model":"emojivol1:ia_auto_gen/emote_right"},{"predicate":{"custom_model_data":5001},"model":"emojivol1:ia_auto_gen/emote_left"},{"predicate":{"custom_model_data":5002},"model":"emojivol1:ia_auto_gen/emote_down"},{"predicate":{"custom_model_data":5003},"model":"emojivol1:ia_auto_gen/emote_up"},{"predicate":{"custom_model_data":5004},"model":"emojivol1:ia_auto_gen/emote_home"},{"predicate":{"custom_model_data":5005},"model":"emojivol1:ia_auto_gen/emote_play"},{"predicate":{"custom_model_data":5006},"model":"emojivol1:ia_auto_gen/emote_skip_right"},{"predicate":{"custom_model_data":5007},"model":"emojivol1:ia_auto_gen/emote_skip_left"},{"predicate":{"custom_model_data":5008},"model":"emojivol1:ia_auto_gen/emote_triangle_right"},{"predicate":{"custom_model_data":5009},"model":"emojivol1:ia_auto_gen/emote_triangle_left"},{"predicate":{"custom_model_data":5010},"model":"emojivol1:ia_auto_gen/emote_pause"},{"predicate":{"custom_model_data":5011},"model":"emojivol1:ia_auto_gen/emote_i"},{"predicate":{"custom_model_data":5012},"model":"emojivol1:ia_auto_gen/emote_lock"},{"predicate":{"custom_model_data":5013},"model":"emojivol1:ia_auto_gen/emote_exclamation"},{"predicate":{"custom_model_data":5014},"model":"emojivol1:ia_auto_gen/emote_question"},{"predicate":{"custom_model_data":5015},"model":"emojivol1:ia_auto_gen/emote_settings"},{"predicate":{"custom_model_data":5016},"model":"emojivol1:ia_auto_gen/emote_exit"},{"predicate":{"custom_model_data":5017},"model":"emojivol1:ia_auto_gen/emote_returnt"},{"predicate":{"custom_model_data":5018},"model":"emojivol1:ia_auto_gen/emote_clock"},{"predicate":{"custom_model_data":5019},"model":"emojivol1:ia_auto_gen/emote_star"},{"predicate":{"custom_model_data":5020},"model":"emojivol1:ia_auto_gen/emote_cross"},{"predicate":{"custom_model_data":5021},"model":"emojivol1:ia_auto_gen/emote_check"},{"predicate":{"custom_model_data":5022},"model":"emojivol1:ia_auto_gen/emote_sound"},{"predicate":{"custom_model_data":5023},"model":"emojivol1:ia_auto_gen/emote_sound_off"},{"predicate":{"custom_model_data":5024},"model":"emojivol1:ia_auto_gen/emote_message"},{"predicate":{"custom_model_data":5025},"model":"emojivol1:ia_auto_gen/emote_social"},{"predicate":{"custom_model_data":5026},"model":"emojivol1:ia_auto_gen/emote_music"},{"predicate":{"custom_model_data":5027},"model":"emojivol1:ia_auto_gen/emote_heart"},{"predicate":{"custom_model_data":5028},"model":"emojivol1:ia_auto_gen/emote_plus"},{"predicate":{"custom_model_data":5029},"model":"emojivol1:ia_auto_gen/emote_minus"},{"predicate":{"custom_model_data":5030},"model":"emojivol1:ia_auto_gen/emote_off"},{"predicate":{"custom_model_data":5031},"model":"emojivol1:ia_auto_gen/emote_on"},{"predicate":{"custom_model_data":10000},"model":"_iainternal:ia_auto_gen/icon_left_blue"},{"predicate":{"custom_model_data":10001},"model":"_iainternal:ia_auto_gen/icon_right_blue"},{"predicate":{"custom_model_data":10002},"model":"_iainternal:ia_auto_gen/icon_search"},{"predicate":{"custom_model_data":10003},"model":"_iainternal:ia_auto_gen/icon_cancel"},{"predicate":{"custom_model_data":10004},"model":"_iainternal:ia_auto_gen/icon_arrow_chest"},{"predicate":{"custom_model_data":10005},"model":"_iainternal:ia_auto_gen/icon_back_orange"},{"predicate":{"custom_model_data":10006},"model":"_iainternal:ia_auto_gen/icon_next_orange"},{"predicate":{"custom_model_data":10007},"model":"bcicons:ia_auto_gen/argent"},{"predicate":{"custom_model_data":10008},"model":"bcicons:ia_auto_gen/argent2"},{"predicate":{"custom_model_data":10009},"model":"bcicons:ia_auto_gen/arrowleft"},{"predicate":{"custom_model_data":10010},"model":"bcicons:ia_auto_gen/arrowright"},{"predicate":{"custom_model_data":10011},"model":"bcicons:ia_auto_gen/buy"},{"predicate":{"custom_model_data":10012},"model":"bcicons:ia_auto_gen/cadeau"},{"predicate":{"custom_model_data":10013},"model":"bcicons:ia_auto_gen/credits"},{"predicate":{"custom_model_data":10014},"model":"bcicons:ia_auto_gen/creditsdown"},{"predicate":{"custom_model_data":10015},"model":"bcicons:ia_auto_gen/creditsup"},{"predicate":{"custom_model_data":10016},"model":"bcicons:ia_auto_gen/creditsplus"},{"predicate":{"custom_model_data":10017},"model":"bcicons:ia_auto_gen/grimoire"},{"predicate":{"custom_model_data":10018},"model":"bcicons:ia_auto_gen/hdvaide"},{"predicate":{"custom_model_data":10019},"model":"bcicons:ia_auto_gen/hdvblocs"},{"predicate":{"custom_model_data":10020},"model":"bcicons:ia_auto_gen/livre"},{"predicate":{"custom_model_data":10021},"model":"bcicons:ia_auto_gen/livre2"},{"predicate":{"custom_model_data":10022},"model":"bcicons:ia_auto_gen/settings"},{"predicate":{"custom_model_data":10023},"model":"bcicons:ia_auto_gen/bundle"},{"predicate":{"custom_model_data":10024},"model":"bcicons:ia_auto_gen/bundlefilled"},{"predicate":{"custom_model_data":10025},"model":"bcicons:ia_auto_gen/cadenas"},{"predicate":{"custom_model_data":10026},"model":"bcicons:ia_auto_gen/cadenasouvert"},{"predicate":{"custom_model_data":10027},"model":"bcicons:ia_auto_gen/carte"},{"predicate":{"custom_model_data":10028},"model":"bcicons:ia_auto_gen/emerald"},{"predicate":{"custom_model_data":10029},"model":"bcicons:ia_auto_gen/hdvaccueil"},{"predicate":{"custom_model_data":10030},"model":"bcicons:ia_auto_gen/hdvoutils"},{"predicate":{"custom_model_data":10031},"model":"bcicons:ia_auto_gen/honeycomb"},{"predicate":{"custom_model_data":10032},"model":"bcicons:ia_auto_gen/map"},{"predicate":{"custom_model_data":10033},"model":"bcicons:ia_auto_gen/parchemin"},{"predicate":{"custom_model_data":10034},"model":"bcicons:ia_auto_gen/prismarinecrystals"},{"predicate":{"custom_model_data":10035},"model":"bcicons:ia_auto_gen/prismarineshard"},{"predicate":{"custom_model_data":10036},"model":"bcicons:ia_auto_gen/retour"},{"predicate":{"custom_model_data":10037},"model":"bcicons:ia_auto_gen/trophee"},{"predicate":{"custom_model_data":10040},"model":"bcicons:ia_auto_gen/upgradebutton_empty"},{"predicate":{"custom_model_data":10041},"model":"bcicons:ia_auto_gen/create_random_rune_t1"},{"predicate":{"custom_model_data":10042},"model":"stones:ia_auto_gen/pickaxe-t1"},{"predicate":{"custom_model_data":10043},"model":"stones:ia_auto_gen/pickaxe-t2"},{"predicate":{"custom_model_data":10044},"model":"stones:ia_auto_gen/pickaxe-t3"},{"predicate":{"custom_model_data":10045},"model":"stones:ia_auto_gen/pickaxe-t4"},{"predicate":{"custom_model_data":10046},"model":"bcicons:ia_auto_gen/create_random_rune_t2"},{"predicate":{"custom_model_data":10047},"model":"bcicons:ia_auto_gen/vibrant_feather_3"},{"predicate":{"custom_model_data":10048},"model":"bcicons:ia_auto_gen/binding_gel_common"},{"predicate":{"custom_model_data":10049},"model":"bcicons:ia_auto_gen/binding_gel_epic"},{"predicate":{"custom_model_data":10050},"model":"stones:ia_auto_gen/armor-t1"},{"predicate":{"custom_model_data":10051},"model":"stones:ia_auto_gen/armor-t2"},{"predicate":{"custom_model_data":10052},"model":"stones:ia_auto_gen/armor-t3"},{"predicate":{"custom_model_data":10053},"model":"stones:ia_auto_gen/armor-t4"},{"predicate":{"custom_model_data":10054},"model":"stones:ia_auto_gen/weapon-t1"},{"predicate":{"custom_model_data":10055},"model":"stones:ia_auto_gen/weapon-t2"},{"predicate":{"custom_model_data":10056},"model":"stones:ia_auto_gen/weapon-t3"},{"predicate":{"custom_model_data":10057},"model":"stones:ia_auto_gen/weapon-t4"},{"predicate":{"custom_model_data":10058},"model":"stones:ia_auto_gen/tool-t1"},{"predicate":{"custom_model_data":10059},"model":"stones:ia_auto_gen/tool-t2"},{"predicate":{"custom_model_data":10060},"model":"stones:ia_auto_gen/tool-t3"},{"predicate":{"custom_model_data":10061},"model":"stones:ia_auto_gen/tool-t4"},{"predicate":{"custom_model_data":10063},"model":"customitems:ia_auto_gen/lost_diamond"},{"predicate":{"custom_model_data":10064},"model":"bcicons:ia_auto_gen/upgradebutton"},{"predicate":{"custom_model_data":10065},"model":"bcicons:ia_auto_gen/ironplate"},{"predicate":{"custom_model_data":10066},"model":"bcicons:ia_auto_gen/andezitdarabka"},{"predicate":{"custom_model_data":10067},"model":"stones:ia_auto_gen/pickaxe-t5"},{"predicate":{"custom_model_data":10068},"model":"stones:ia_auto_gen/armor-t5"},{"predicate":{"custom_model_data":10069},"model":"stones:ia_auto_gen/weapon-t5"},{"predicate":{"custom_model_data":10070},"model":"stones:ia_auto_gen/tool-t5"},{"predicate":{"custom_model_data":10071},"model":"bcicons:ia_auto_gen/binding_gel_legendary"},{"predicate":{"custom_model_data":10075},"model":"bcicons:ia_auto_gen/binding_gel_rare"},{"predicate":{"custom_model_data":10076},"model":"bcicons:ia_auto_gen/binding_gel_uncommon"},{"predicate":{"custom_model_data":10077},"model":"customitems:ia_auto_gen/quicktrade"},{"predicate":{"custom_model_data":10078},"model":"customitems:ia_auto_gen/totem_money"},{"predicate":{"custom_model_data":10079},"model":"customitems:ia_auto_gen/totem_experience"},{"predicate":{"custom_model_data":10080},"model":"customitems:ia_auto_gen/totem_mana"},{"predicate":{"custom_model_data":10081},"model":"customitems:ia_auto_gen/totemcrate_common"},{"predicate":{"custom_model_data":10082},"model":"customitems:ia_auto_gen/totemcrate_uncommon"},{"predicate":{"custom_model_data":10083},"model":"bcicons:ia_auto_gen/trade_button"},{"predicate":{"custom_model_data":10084},"model":"stones:ia_auto_gen/pickaxe-t6"},{"predicate":{"custom_model_data":10085},"model":"stones:ia_auto_gen/armor-t6"},{"predicate":{"custom_model_data":10086},"model":"stones:ia_auto_gen/weapon-t6"},{"predicate":{"custom_model_data":10087},"model":"stones:ia_auto_gen/tool-t6"},{"predicate":{"custom_model_data":10088},"model":"stones:ia_auto_gen/random-t6"},{"predicate":{"custom_model_data":10089},"model":"ores_and_more:ia_auto_gen/red_ore"},{"predicate":{"custom_model_data":10090},"model":"ores_and_more:ia_auto_gen/red_ore_deepslate"},{"predicate":{"custom_model_data":10091},"model":"ores_and_more:ia_auto_gen/raw_red_ore_block"},{"predicate":{"custom_model_data":10092},"model":"ores_and_more:ia_auto_gen/red_ore_block"},{"predicate":{"custom_model_data":10093},"model":"ores_and_more:ia_auto_gen/red_ore_nugget"},{"predicate":{"custom_model_data":10094},"model":"ores_and_more:ia_auto_gen/raw_red_ore"},{"predicate":{"custom_model_data":10095},"model":"ores_and_more:ia_auto_gen/red_ore_ingot"},{"predicate":{"custom_model_data":10097},"model":"adventcalendar:ia_auto_gen/gift_1"},{"predicate":{"custom_model_data":10098},"model":"adventcalendar:ia_auto_gen/gift_2"},{"predicate":{"custom_model_data":10099},"model":"adventcalendar:ia_auto_gen/gift_3"},{"predicate":{"custom_model_data":10100},"model":"adventcalendar:ia_auto_gen/gift_4"},{"predicate":{"custom_model_data":10101},"model":"adventcalendar:ia_auto_gen/gift_5"},{"predicate":{"custom_model_data":10102},"model":"adventcalendar:ia_auto_gen/giftopen_01a"},{"predicate":{"custom_model_data":10103},"model":"adventcalendar:ia_auto_gen/giftopen_01b"},{"predicate":{"custom_model_data":10104},"model":"adventcalendar:ia_auto_gen/giftopen_01c"},{"predicate":{"custom_model_data":10105},"model":"adventcalendar:ia_auto_gen/giftopen_01d"},{"predicate":{"custom_model_data":10106},"model":"adventcalendar:ia_auto_gen/giftopen_01e"},{"predicate":{"custom_model_data":10107},"model":"adventcalendar:ia_auto_gen/giftopen_01f"},{"predicate":{"custom_model_data":10108},"model":"customitems:ia_auto_gen/christmas_suffix_random"},{"predicate":{"custom_model_data":10109},"model":"customitems:ia_auto_gen/christmas_suffix_1"},{"predicate":{"custom_model_data":10110},"model":"customitems:ia_auto_gen/christmas_suffix_2"},{"predicate":{"custom_model_data":10111},"model":"customitems:ia_auto_gen/christmas_suffix_3"},{"predicate":{"custom_model_data":10112},"model":"customitems:ia_auto_gen/christmas_suffix_4"},{"predicate":{"custom_model_data":10177},"model":"customitems:ia_auto_gen/joyau_pirate"},{"predicate":{"custom_model_data":10178},"model":"stones:ia_auto_gen/random-t1"},{"predicate":{"custom_model_data":10179},"model":"stones:ia_auto_gen/random-t2"},{"predicate":{"custom_model_data":10180},"model":"stones:ia_auto_gen/random-t3"},{"predicate":{"custom_model_data":10181},"model":"stones:ia_auto_gen/random-t4"},{"predicate":{"custom_model_data":10182},"model":"stones:ia_auto_gen/random-t5"},{"predicate":{"custom_model_data":10183},"model":"bcicons:ia_auto_gen/create_random_rune_t3"},{"predicate":{"custom_model_data":10184},"model":"bcicons:ia_auto_gen/create_random_rune_t4"},{"predicate":{"custom_model_data":10185},"model":"bcicons:ia_auto_gen/create_random_rune_t5"},{"predicate":{"custom_model_data":10186},"model":"bcicons:ia_auto_gen/chest_random_rune_t1"},{"predicate":{"custom_model_data":10187},"model":"bcicons:ia_auto_gen/ranks"},{"predicate":{"custom_model_data":10188},"model":"bcicons:ia_auto_gen/orion"},{"predicate":{"custom_model_data":10189},"model":"bcicons:ia_auto_gen/zodor"},{"predicate":{"custom_model_data":10190},"model":"bcicons:ia_auto_gen/flame"},{"predicate":{"custom_model_data":10191},"model":"bcicons:ia_auto_gen/warlord"},{"predicate":{"custom_model_data":10192},"model":"bcicons:ia_auto_gen/mail"},{"predicate":{"custom_model_data":10221},"model":"ores_and_more:ia_auto_gen/purple_ore"},{"predicate":{"custom_model_data":10222},"model":"ores_and_more:ia_auto_gen/purple_ore_deepslate"},{"predicate":{"custom_model_data":10223},"model":"ores_and_more:ia_auto_gen/raw_purple_ore_block"},{"predicate":{"custom_model_data":10224},"model":"ores_and_more:ia_auto_gen/purple_ore_block"},{"predicate":{"custom_model_data":10246},"model":"ores_and_more:ia_auto_gen/purple_ore_nugget"},{"predicate":{"custom_model_data":10247},"model":"ores_and_more:ia_auto_gen/raw_purple_ore"},{"predicate":{"custom_model_data":10248},"model":"ores_and_more:ia_auto_gen/purple_ore_ingot"},{"predicate":{"custom_model_data":10249},"model":"bcicons:ia_auto_gen/dragon_teeth"},{"predicate":{"custom_model_data":10250},"model":"bcicons:ia_auto_gen/lean"},{"predicate":{"custom_model_data":10257},"model":"bcicons:ia_auto_gen/chest_random_rune_t2"},{"predicate":{"custom_model_data":10258},"model":"bcicons:ia_auto_gen/skull_01a"},{"predicate":{"custom_model_data":10259},"model":"bcicons:ia_auto_gen/upgradebutton_gui"},{"predicate":{"custom_model_data":10261},"model":"bcicons:ia_auto_gen/upgradebutton_can"},{"predicate":{"custom_model_data":10262},"model":"bcicons:ia_auto_gen/upgradebutton_not"},{"predicate":{"custom_model_data":10263},"model":"bcicons:ia_auto_gen/hammer_not"},{"predicate":{"custom_model_data":10265},"model":"pixelemojis:ia_auto_gen/angry"},{"predicate":{"custom_model_data":10266},"model":"pixelemojis:ia_auto_gen/blush"},{"predicate":{"custom_model_data":10267},"model":"pixelemojis:ia_auto_gen/crying"},{"predicate":{"custom_model_data":10268},"model":"pixelemojis:ia_auto_gen/devil_laugh"},{"predicate":{"custom_model_data":10269},"model":"pixelemojis:ia_auto_gen/zipper_mouth"},{"predicate":{"custom_model_data":10270},"model":"pixelemojis:ia_auto_gen/heart"},{"predicate":{"custom_model_data":10271},"model":"pixelemojis:ia_auto_gen/disappointed"},{"predicate":{"custom_model_data":10272},"model":"pixelemojis:ia_auto_gen/expressionless"},{"predicate":{"custom_model_data":10273},"model":"pixelemojis:ia_auto_gen/flushed"},{"predicate":{"custom_model_data":10274},"model":"pixelemojis:ia_auto_gen/grimacing"},{"predicate":{"custom_model_data":10275},"model":"pixelemojis:ia_auto_gen/grin"},{"predicate":{"custom_model_data":10276},"model":"pixelemojis:ia_auto_gen/grinning"},{"predicate":{"custom_model_data":10277},"model":"pixelemojis:ia_auto_gen/heart_eyes"},{"predicate":{"custom_model_data":10278},"model":"pixelemojis:ia_auto_gen/hushed"},{"predicate":{"custom_model_data":10279},"model":"pixelemojis:ia_auto_gen/innocent"},{"predicate":{"custom_model_data":10280},"model":"pixelemojis:ia_auto_gen/joy"},{"predicate":{"custom_model_data":10281},"model":"pixelemojis:ia_auto_gen/kissing"},{"predicate":{"custom_model_data":10282},"model":"pixelemojis:ia_auto_gen/kissing_heart"},{"predicate":{"custom_model_data":10283},"model":"pixelemojis:ia_auto_gen/mask"},{"predicate":{"custom_model_data":10284},"model":"pixelemojis:ia_auto_gen/nerd"},{"predicate":{"custom_model_data":10285},"model":"pixelemojis:ia_auto_gen/neutral_face"},{"predicate":{"custom_model_data":10286},"model":"pixelemojis:ia_auto_gen/no_mouth"},{"predicate":{"custom_model_data":10287},"model":"pixelemojis:ia_auto_gen/open_mouth"},{"predicate":{"custom_model_data":10288},"model":"pixelemojis:ia_auto_gen/partying_face"},{"predicate":{"custom_model_data":10289},"model":"pixelemojis:ia_auto_gen/pensive"},{"predicate":{"custom_model_data":10290},"model":"pixelemojis:ia_auto_gen/rage"},{"predicate":{"custom_model_data":10291},"model":"pixelemojis:ia_auto_gen/raised_eye"},{"predicate":{"custom_model_data":10292},"model":"pixelemojis:ia_auto_gen/relieved"},{"predicate":{"custom_model_data":10293},"model":"pixelemojis:ia_auto_gen/rolling_eyes"},{"predicate":{"custom_model_data":10294},"model":"pixelemojis:ia_auto_gen/satisfied"},{"predicate":{"custom_model_data":10295},"model":"pixelemojis:ia_auto_gen/sleeping"},{"predicate":{"custom_model_data":10296},"model":"pixelemojis:ia_auto_gen/slight_frown"},{"predicate":{"custom_model_data":10297},"model":"pixelemojis:ia_auto_gen/slight_smile"},{"predicate":{"custom_model_data":10298},"model":"pixelemojis:ia_auto_gen/smile"},{"predicate":{"custom_model_data":10299},"model":"pixelemojis:ia_auto_gen/smiley"},{"predicate":{"custom_model_data":10300},"model":"pixelemojis:ia_auto_gen/smiling_hearts"},{"predicate":{"custom_model_data":10301},"model":"pixelemojis:ia_auto_gen/smiling_imp"},{"predicate":{"custom_model_data":10302},"model":"pixelemojis:ia_auto_gen/smirk"},{"predicate":{"custom_model_data":10303},"model":"pixelemojis:ia_auto_gen/sob"},{"predicate":{"custom_model_data":10304},"model":"pixelemojis:ia_auto_gen/star_struck"},{"predicate":{"custom_model_data":10305},"model":"pixelemojis:ia_auto_gen/stuck_out_tongue"},{"predicate":{"custom_model_data":10306},"model":"pixelemojis:ia_auto_gen/sunglasses"},{"predicate":{"custom_model_data":10307},"model":"pixelemojis:ia_auto_gen/sweat_smile"},{"predicate":{"custom_model_data":10308},"model":"pixelemojis:ia_auto_gen/tongue_closed"},{"predicate":{"custom_model_data":10309},"model":"pixelemojis:ia_auto_gen/tongue_wink"},{"predicate":{"custom_model_data":10310},"model":"pixelemojis:ia_auto_gen/unamused"},{"predicate":{"custom_model_data":10311},"model":"pixelemojis:ia_auto_gen/upside_down"},{"predicate":{"custom_model_data":10312},"model":"pixelemojis:ia_auto_gen/wink"},{"predicate":{"custom_model_data":10313},"model":"pixelemojis:ia_auto_gen/yum"},{"predicate":{"custom_model_data":10314},"model":"pixelemojis:ia_auto_gen/zany_face"},{"predicate":{"custom_model_data":10315},"model":"pixelemojis:ia_auto_gen/blue_heart"},{"predicate":{"custom_model_data":10316},"model":"pixelemojis:ia_auto_gen/purple_heart"},{"predicate":{"custom_model_data":10317},"model":"pixelemojis:ia_auto_gen/orange_heart"},{"predicate":{"custom_model_data":10318},"model":"pixelemojis:ia_auto_gen/yellow_heart"},{"predicate":{"custom_model_data":10319},"model":"pixelemojis:ia_auto_gen/green_heart"},{"predicate":{"custom_model_data":10320},"model":"pixelemojis:ia_auto_gen/sus"},{"predicate":{"custom_model_data":10321},"model":"pixelemojis:ia_auto_gen/f"},{"predicate":{"custom_model_data":10322},"model":"pixelemojis:ia_auto_gen/up_arrow"},{"predicate":{"custom_model_data":10323},"model":"pixelemojis:ia_auto_gen/down_arrow"},{"predicate":{"custom_model_data":10324},"model":"pixelemojis:ia_auto_gen/right_arrow"},{"predicate":{"custom_model_data":10325},"model":"pixelemojis:ia_auto_gen/left_arrow"},{"predicate":{"custom_model_data":10326},"model":"pixelemojis:ia_auto_gen/top_left_arrow"},{"predicate":{"custom_model_data":10327},"model":"pixelemojis:ia_auto_gen/top_right_arrow"},{"predicate":{"custom_model_data":10328},"model":"pixelemojis:ia_auto_gen/bottom_left_arrow"},{"predicate":{"custom_model_data":10329},"model":"pixelemojis:ia_auto_gen/bottom_right_arrow"},{"predicate":{"custom_model_data":10330},"model":"pixelemojis:ia_auto_gen/anguished"},{"predicate":{"custom_model_data":10331},"model":"pixelemojis:ia_auto_gen/dizzy_face"},{"predicate":{"custom_model_data":10332},"model":"pixelemojis:ia_auto_gen/gift_blue"},{"predicate":{"custom_model_data":10333},"model":"pixelemojis:ia_auto_gen/gift_purple"},{"predicate":{"custom_model_data":10334},"model":"pixelemojis:ia_auto_gen/gift_red"},{"predicate":{"custom_model_data":10335},"model":"pixelemojis:ia_auto_gen/gift_yellow"},{"predicate":{"custom_model_data":10336},"model":"pixelemojis:ia_auto_gen/head_bandage"},{"predicate":{"custom_model_data":10337},"model":"bcicons:ia_auto_gen/hammer_can"},{"predicate":{"custom_model_data":10338},"model":"pixelemojis:ia_auto_gen/money_mouth"},{"predicate":{"custom_model_data":10339},"model":"pixelemojis:ia_auto_gen/scream"},{"predicate":{"custom_model_data":10340},"model":"pixelemojis:ia_auto_gen/sleepy"},{"predicate":{"custom_model_data":10341},"model":"pixelemojis:ia_auto_gen/thermometer_face"},{"predicate":{"custom_model_data":10342},"model":"pixelemojis:ia_auto_gen/tired_face"},{"predicate":{"custom_model_data":10343},"model":"pixelemojis:ia_auto_gen/triumph"},{"predicate":{"custom_model_data":10344},"model":"pixelemojis:ia_auto_gen/weary"},{"predicate":{"custom_model_data":10345},"model":"pixelemojis:ia_auto_gen/worried"},{"predicate":{"custom_model_data":10346},"model":"kdicons:ia_auto_gen/ice_shard"},{"predicate":{"custom_model_data":10347},"model":"kdicons:ia_auto_gen/lich_droplet"},{"predicate":{"custom_model_data":10348},"model":"kdicons:ia_auto_gen/neptunus_droplet"},{"predicate":{"custom_model_data":10349},"model":"kdicons:ia_auto_gen/skeleton_fragment"},{"predicate":{"custom_model_data":10350},"model":"kdicons:ia_auto_gen/boner_meal"},{"predicate":{"custom_model_data":10351},"model":"kdicons:ia_auto_gen/lich_spawner"},{"predicate":{"custom_model_data":10352},"model":"kdicons:ia_auto_gen/neptunus_spawner"},{"predicate":{"custom_model_data":10353},"model":"kdicons:ia_auto_gen/white_crystal"},{"predicate":{"custom_model_data":10354},"model":"kdicons:ia_auto_gen/skeletal_ingot"},{"predicate":{"custom_model_data":10355},"model":"kdicons:ia_auto_gen/random_gemstone"},{"predicate":{"custom_model_data":10356},"model":"kdicons:ia_auto_gen/slot_increaser_random"},{"predicate":{"custom_model_data":10357},"model":"kdicons:ia_auto_gen/slot_increaser_red"},{"predicate":{"custom_model_data":10358},"model":"kdicons:ia_auto_gen/slot_increaser_blue"},{"predicate":{"custom_model_data":10359},"model":"kdicons:ia_auto_gen/slot_increaser_green"},{"predicate":{"custom_model_data":10360},"model":"kdicons:ia_auto_gen/slot_increaser_yellow"},{"predicate":{"custom_model_data":10361},"model":"kdicons:ia_auto_gen/global_speed"},{"predicate":{"custom_model_data":10362},"model":"kdicons:ia_auto_gen/global_strength"},{"predicate":{"custom_model_data":10363},"model":"kdicons:ia_auto_gen/instant_repair"},{"predicate":{"custom_model_data":10364},"model":"kdicons:ia_auto_gen/demon_ingot"},{"predicate":{"custom_model_data":10365},"model":"kdicons:ia_auto_gen/info_1"},{"predicate":{"custom_model_data":10366},"model":"kdicons:ia_auto_gen/info_2"},{"predicate":{"custom_model_data":10367},"model":"kdicons:ia_auto_gen/info_3"},{"predicate":{"custom_model_data":10368},"model":"kdicons:ia_auto_gen/info_4"},{"predicate":{"custom_model_data":10369},"model":"kdicons:ia_auto_gen/info_5"},{"predicate":{"custom_model_data":10370},"model":"kdicons:ia_auto_gen/green_box"},{"predicate":{"custom_model_data":10371},"model":"kdicons:ia_auto_gen/red_box"},{"predicate":{"custom_model_data":10372},"model":"kdicons:ia_auto_gen/red_orb"},{"predicate":{"custom_model_data":10373},"model":"kdicons:ia_auto_gen/mana_orb1"},{"predicate":{"custom_model_data":10374},"model":"kdicons:ia_auto_gen/mana_orb2"},{"predicate":{"custom_model_data":10375},"model":"kdicons:ia_auto_gen/gold_coins1"},{"predicate":{"custom_model_data":10376},"model":"kdicons:ia_auto_gen/gold_coins2"},{"predicate":{"custom_model_data":10377},"model":"boxpixstudio:ia_auto_gen/check"},{"predicate":{"custom_model_data":10378},"model":"boxpixstudio:ia_auto_gen/cross"},{"predicate":{"custom_model_data":10379},"model":"boxpixstudio:ia_auto_gen/cross_o"},{"predicate":{"custom_model_data":10380},"model":"boxpixstudio:ia_auto_gen/cross_blue"},{"predicate":{"custom_model_data":10381},"model":"boxpixstudio:ia_auto_gen/info"},{"predicate":{"custom_model_data":10382},"model":"boxpixstudio:ia_auto_gen/alert"},{"predicate":{"custom_model_data":10383},"model":"boxpixstudio:ia_auto_gen/home"},{"predicate":{"custom_model_data":10384},"model":"boxpixstudio:ia_auto_gen/notify"},{"predicate":{"custom_model_data":10385},"model":"boxpixstudio:ia_auto_gen/settings"},{"predicate":{"custom_model_data":10386},"model":"boxpixstudio:ia_auto_gen/server_icon"},{"predicate":{"custom_model_data":10387},"model":"boxpixstudio:ia_auto_gen/search"},{"predicate":{"custom_model_data":10388},"model":"boxpixstudio:ia_auto_gen/speech"},{"predicate":{"custom_model_data":10389},"model":"boxpixstudio:ia_auto_gen/camera"},{"predicate":{"custom_model_data":10390},"model":"boxpixstudio:ia_auto_gen/refresh"},{"predicate":{"custom_model_data":10391},"model":"boxpixstudio:ia_auto_gen/arrow_left"},{"predicate":{"custom_model_data":10392},"model":"boxpixstudio:ia_auto_gen/arrow_right"},{"predicate":{"custom_model_data":10393},"model":"boxpixstudio:ia_auto_gen/arrow_up"},{"predicate":{"custom_model_data":10394},"model":"boxpixstudio:ia_auto_gen/arrow_down"},{"predicate":{"custom_model_data":10395},"model":"boxpixstudio:ia_auto_gen/arrow_left2"},{"predicate":{"custom_model_data":10396},"model":"boxpixstudio:ia_auto_gen/arrow_right2"},{"predicate":{"custom_model_data":10397},"model":"tools:tools/summerset/key"},{"predicate":{"custom_model_data":10398},"model":"tools:tools/oceanset/key"},{"predicate":{"custom_model_data":10399},"model":"tools:tools/skeleton/chest"},{"predicate":{"custom_model_data":10400},"model":"tools:tools/skeleton/key"},{"predicate":{"custom_model_data":10401},"model":"bcicons:ia_auto_gen/ancient_netherite"},{"predicate":{"custom_model_data":10402},"model":"bcicons:ia_auto_gen/dungeon_shard"},{"predicate":{"custom_model_data":10403},"model":"bcicons:ia_auto_gen/forge_catalyst"},{"predicate":{"custom_model_data":10404},"model":"bcicons:ia_auto_gen/bottle_of_soul"},{"predicate":{"custom_model_data":10405},"model":"bcicons:ia_auto_gen/powershard_epic"},{"predicate":{"custom_model_data":10406},"model":"bcicons:ia_auto_gen/powershard_legendary"},{"predicate":{"custom_model_data":10407},"model":"bcicons:ia_auto_gen/powershard_rare"},{"predicate":{"custom_model_data":10408},"model":"bcicons:ia_auto_gen/powershard_uncommon"},{"predicate":{"custom_model_data":10409},"model":"item/paper"}]}