{"sources":[{"source":"entity","prefix":"entity/","type":"directory"},{"type":"single","resource":"pixelemojis:emoji/stuck_out_tongue"},{"type":"single","resource":"customitems:customitems/packed_iron"},{"type":"single","resource":"bcicons:bcicons/binding_gel_common"},{"type":"single","resource":"ec_killeffects:bubble"},{"type":"single","resource":"bcicons:bcicons/upgradebutton"},{"type":"single","resource":"customitems:customitems/golden_egg"},{"type":"single","resource":"ores_and_more:purple_ore_block"},{"type":"single","resource":"tools:tools/andromeda/pickaxe"},{"type":"single","resource":"customitems:customitems/coal_sword"},{"type":"single","resource":"pixelemojis:emoji/orange_heart"},{"type":"single","resource":"adventcalendar:icon/genboot_unclaim"},{"type":"single","resource":"bcicons:bcicons/trophee"},{"type":"single","resource":"ores_and_more:raw_purple_ore_block"},{"type":"single","resource":"bcicons:bcicons/trade_down_not"},{"type":"single","resource":"modelengine:entity/bubble_burst"},{"type":"single","resource":"bcicons:bcicons/mail"},{"type":"single","resource":"emojivol1:emojivol1/emote_message"},{"type":"single","resource":"customitems:customitems/totem_mana"},{"type":"single","resource":"pixelemojis:emoji/purple_heart"},{"type":"single","resource":"boxpixstudio:boxpixstudio/arrow_left"},{"type":"single","resource":"modelengine:entity/astral_projection"},{"type":"single","resource":"emojivol1:emojivol1/emote_question"},{"type":"single","resource":"pixelemojis:emoji/innocent"},{"type":"single","resource":"adventcalendar:icon/genboot_notready"},{"type":"single","resource":"tools:tools/oceanset/chest"},{"type":"single","resource":"pixelemojis:emoji/blush"},{"type":"single","resource":"bcicons:bcicons/honeycomb"},{"type":"single","resource":"_iainternal:icons/icon_arrow_chest"},{"type":"single","resource":"tools:tools/fairyset/animations/animations_03"},{"type":"single","resource":"bcicons:bcicons/creditsplus"},{"type":"single","resource":"modelengine:entity/glass_shatter"},{"type":"single","resource":"ec_killeffects:killeffect_scroll"},{"type":"single","resource":"pixelemojis:emoji/gift_purple"},{"type":"single","resource":"bcicons:bcicons/livre2"},{"type":"single","resource":"customitems:customitems/joyau_pirate"},{"type":"single","resource":"tools:tools/andromeda/sword"},{"type":"single","resource":"pixelemojis:emoji/wink"},{"type":"single","resource":"bcicons:bcicons/creditsup"},{"type":"single","resource":"customitems:customitems/boner"},{"type":"single","resource":"boxpixstudio:boxpixstudio/cross_blue"},{"type":"single","resource":"ores_and_more:raw_purple_ore"},{"type":"single","resource":"boxpixstudio:boxpixstudio/arrow_right2"},{"type":"single","resource":"emojivol1:emojivol1/emote_music"},{"type":"single","resource":"pixelemojis:emoji/tongue_closed"},{"type":"single","resource":"tools:tools/oceanset/key"},{"type":"single","resource":"emojivol1:emojivol1/emote_star"},{"type":"single","resource":"bcicons:bcicons/upgradebutton_not"},{"type":"single","resource":"bcicons:bcicons/dungeon_shard"},{"type":"single","resource":"boxpixstudio:boxpixstudio/notify"},{"type":"single","resource":"boxpixstudio:boxpixstudio/server"},{"type":"single","resource":"ec_killeffects:energy_dissipation"},{"type":"single","resource":"pixelemojis:emoji/sleeping"},{"type":"single","resource":"boxpixstudio:boxpixstudio/cross"},{"type":"single","resource":"customitems:customitems/totem_experience"},{"type":"single","resource":"tools:tools/summerset/animations/spin_animations"},{"type":"single","resource":"bcicons:bcicons/arrowleft"},{"type":"single","resource":"pixelemojis:emoji/yum"},{"type":"single","resource":"stones:stones/weapon-t3"},{"type":"single","resource":"boxpixstudio:boxpixstudio/arrow_down"},{"type":"single","resource":"stones:stones/weapon-t2"},{"type":"single","resource":"stones:stones/weapon-t1"},{"type":"single","resource":"stones:stones/weapon-t6"},{"type":"single","resource":"stones:stones/weapon-t5"},{"type":"single","resource":"stones:stones/weapon-t4"},{"type":"single","resource":"bcicons:bcicons/dragon_teeth"},{"type":"single","resource":"adventcalendar:icon/giftopen_01e"},{"type":"single","resource":"emojivol1:emojivol1/emote_skip_left"},{"type":"single","resource":"adventcalendar:icon/giftopen_01d"},{"type":"single","resource":"emojivol1:emojivol1/emote_right"},{"type":"single","resource":"adventcalendar:icon/giftopen_01f"},{"type":"single","resource":"pixelemojis:emoji/heart"},{"type":"single","resource":"pixelemojis:emoji/scream"},{"type":"single","resource":"customitems:customitems/vault_plus"},{"type":"single","resource":"adventcalendar:icon/giftopen_01a"},{"type":"single","resource":"adventcalendar:icon/giftopen_01c"},{"type":"single","resource":"adventcalendar:icon/giftopen_01b"},{"type":"single","resource":"boxpixstudio:boxpixstudio/arrow_left2"},{"type":"single","resource":"bcicons:bcicons/powershard_rare"},{"type":"single","resource":"bcicons:bcicons/powershard_uncommon"},{"type":"single","resource":"bcicons:bcicons/orion"},{"type":"single","resource":"bcicons:bcicons/forge_catalyst"},{"type":"single","resource":"tools:tools/andromeda/bladefire"},{"type":"single","resource":"bcicons:bcicons/argent2"},{"type":"single","resource":"pixelemojis:emoji/bottom_right_arrow"},{"type":"single","resource":"emojivol1:emojivol1/emote_check"},{"type":"single","resource":"pixelemojis:emoji/rage"},{"type":"single","resource":"ores_and_more:purple_ore_nugget"},{"type":"single","resource":"ores_and_more:red_ore_block"},{"type":"single","resource":"pixelemojis:emoji/relieved"},{"type":"single","resource":"_iainternal:icons/icon_left_blue"},{"type":"single","resource":"bcicons:bcicons/ironplate"},{"type":"single","resource":"tools:tools/skeleton/skeletonoverlord_animation_03"},{"type":"single","resource":"pixelemojis:emoji/tired_face"},{"type":"single","resource":"tools:tools/skeleton/skeletonoverlord_animation_04"},{"type":"single","resource":"tools:tools/skeleton/skeletonoverlord_animation_01"},{"type":"single","resource":"tools:tools/skeleton/skeletonoverlord_animation_02"},{"type":"single","resource":"pixelemojis:emoji/top_left_arrow"},{"type":"single","resource":"bcicons:bcicons/ancient_netherite"},{"type":"single","resource":"boxpixstudio:boxpixstudio/settings"},{"type":"single","resource":"bcicons:bcicons/prismarinecrystals"},{"type":"single","resource":"ores_and_more:red_ore_deepslate"},{"type":"single","resource":"tools:tools/oceanset/animation_1"},{"type":"single","resource":"bcicons:bcicons/hdvblocs"},{"type":"single","resource":"bcicons:bcicons/trade_button"},{"type":"single","resource":"bcicons:bcicons/binding_gel_epic"},{"type":"single","resource":"bcicons:bcicons/trade_down_can"},{"type":"single","resource":"pixelemojis:emoji/sleepy"},{"type":"single","resource":"pixelemojis:emoji/grin"},{"type":"single","resource":"bcicons:bcicons/buy"},{"type":"single","resource":"bcicons:bcicons/credits"},{"type":"single","resource":"bcicons:bcicons/hdvoutils"},{"type":"single","resource":"pixelemojis:emoji/grinning"},{"type":"single","resource":"bcicons:bcicons/upgradebutton_empty"},{"type":"single","resource":"pixelemojis:emoji/smile"},{"type":"single","resource":"modelengine:entity/iceebody"},{"type":"single","resource":"emojivol1:emojivol1/emote_off"},{"type":"single","resource":"bcicons:bcicons/hammer_can"},{"type":"single","resource":"emojivol1:emojivol1/emote_returnt"},{"type":"single","resource":"bcicons:bcicons/skull_01a"},{"type":"single","resource":"boxpixstudio:boxpixstudio/speech"},{"type":"single","resource":"pixelemojis:emoji/satisfied"},{"type":"single","resource":"emojivol1:emojivol1/emote_plus"},{"type":"single","resource":"pixelemojis:emoji/gift_red"},{"type":"single","resource":"bcicons:bcicons/prismarineshard"},{"type":"single","resource":"emojivol1:emojivol1/emote_triangle_left"},{"type":"single","resource":"pixelemojis:emoji/up_arrow"},{"type":"single","resource":"pixelemojis:emoji/top_right_arrow"},{"type":"single","resource":"bcicons:bcicons/bundle"},{"type":"single","resource":"pixelemojis:emoji/grimacing"},{"type":"single","resource":"tools:tools/dragonset/purple_dragon_pickaxe"},{"type":"single","resource":"pixelemojis:emoji/upside_down"},{"type":"single","resource":"bcicons:bcicons/trade_right_can"},{"type":"single","resource":"customitems:customitems/totemcrate_uncommon"},{"type":"single","resource":"customitems:customitems/carte"},{"type":"single","resource":"emojivol1:emojivol1/emote_exclamation"},{"type":"single","resource":"boxpixstudio:boxpixstudio/arrow_right"},{"type":"single","resource":"customitems:customitems/meat_droplet"},{"type":"single","resource":"ec_killeffects:color_splash"},{"type":"single","resource":"customitems:customitems/red_stone"},{"type":"single","resource":"ores_and_more:raw_red_ore"},{"type":"single","resource":"pixelemojis:emoji/joy"},{"type":"single","resource":"ores_and_more:purple_ore_ingot"},{"type":"single","resource":"bcicons:bcicons/arrowright"},{"type":"single","resource":"bcicons:bcicons/carte"},{"type":"single","resource":"modelengine:entity/digital_disintegration"},{"type":"single","resource":"pixelemojis:emoji/dizzy_face"},{"type":"single","resource":"customitems:customitems/totem_money"},{"type":"single","resource":"tools:tools/merrychristmas/pickaxe"},{"type":"single","resource":"customitems:customitems/ruby_sword"},{"type":"single","resource":"modelengine:entity/body_grey"},{"type":"single","resource":"pixelemojis:emoji/down_arrow"},{"type":"single","resource":"emojivol1:emojivol1/emote_lock"},{"type":"single","resource":"adventcalendar:icon/gift-1"},{"type":"single","resource":"adventcalendar:icon/gift-2"},{"type":"single","resource":"_iainternal:icons/icon_right_blue"},{"type":"single","resource":"adventcalendar:icon/gift-3"},{"type":"single","resource":"emojivol1:emojivol1/emote_exit"},{"type":"single","resource":"adventcalendar:icon/gift-4"},{"type":"single","resource":"adventcalendar:icon/gift-5"},{"type":"single","resource":"boxpixstudio:boxpixstudio/arrow_up"},{"type":"single","resource":"customitems:customitems/quicktrade"},{"type":"single","resource":"boxpixstudio:boxpixstudio/search"},{"type":"single","resource":"bcicons:bcicons/settings"},{"type":"single","resource":"emojivol1:emojivol1/emote_clock"},{"type":"single","resource":"pixelemojis:emoji/neutral_face"},{"type":"single","resource":"tools:tools/fairyset/animations/animations_pickaxe"},{"type":"single","resource":"bcicons:bcicons/map"},{"type":"single","resource":"pixelemojis:emoji/smiling_imp"},{"type":"single","resource":"ores_and_more:red_ore_nugget"},{"type":"single","resource":"pixelemojis:emoji/bottom_left_arrow"},{"type":"single","resource":"pixelemojis:emoji/smirk"},{"type":"single","resource":"_iainternal:icons/icon_next_orange"},{"type":"single","resource":"pixelemojis:emoji/right_arrow"},{"type":"single","resource":"pixelemojis:emoji/gift_yellow"},{"type":"single","resource":"pixelemojis:emoji/green_heart"},{"type":"single","resource":"tools:tools/steampunk/steampunk_pickaxe"},{"type":"single","resource":"emojivol1:emojivol1/emote_home"},{"type":"single","resource":"pixelemojis:emoji/sus"},{"type":"single","resource":"pixelemojis:emoji/disappointed"},{"type":"single","resource":"bcicons:bcicons/bottle_of_soul"},{"type":"single","resource":"tools:tools/skeleton/skeletonoverlord_texture_01"},{"type":"single","resource":"emojivol1:emojivol1/emote_cross"},{"type":"single","resource":"tools:tools/andromeda/jets_3"},{"type":"single","resource":"tools:tools/oceanset/animation_sword"},{"type":"single","resource":"bcicons:bcicons/lean"},{"type":"single","resource":"boxpixstudio:boxpixstudio/refresh"},{"type":"single","resource":"ec_killeffects:ice_shatter"},{"type":"single","resource":"bcicons:bcicons/cadeau"},{"type":"single","resource":"_iainternal:icons/icon_cancel"},{"type":"single","resource":"customitems:customitems/aqualight_sword"},{"type":"single","resource":"ec_killeffects:dark_matter"},{"type":"single","resource":"pixelemojis:emoji/head_bandage"},{"type":"single","resource":"emojivol1:emojivol1/emote_down"},{"type":"single","resource":"pixelemojis:emoji/nerd"},{"type":"single","resource":"pixelemojis:emoji/kissing_heart"},{"type":"single","resource":"bcicons:bcicons/parchemin"},{"type":"single","resource":"bcicons:bcicons/retour"},{"type":"single","resource":"pixelemojis:emoji/f"},{"type":"single","resource":"bcicons:bcicons/hammer_not"},{"type":"single","resource":"pixelemojis:emoji/no_mouth"},{"type":"single","resource":"emojivol1:emojivol1/emote_heart"},{"type":"single","resource":"pixelemojis:emoji/flushed"},{"type":"single","resource":"bcicons:bcicons/create_random_rune_t2"},{"type":"single","resource":"bcicons:bcicons/create_random_rune_t1"},{"type":"single","resource":"modelengine:entity/colorful_explosions"},{"type":"single","resource":"customitems:customitems/bronze_sword"},{"type":"single","resource":"pixelemojis:emoji/open_mouth"},{"type":"single","resource":"bcicons:bcicons/powershard_epic"},{"type":"single","resource":"pixelemojis:emoji/heart_eyes"},{"type":"single","resource":"bcicons:bcicons/create_random_rune_t5"},{"type":"single","resource":"bcicons:bcicons/create_random_rune_t4"},{"type":"single","resource":"bcicons:bcicons/create_random_rune_t3"},{"type":"single","resource":"adventcalendar:icon/genboot_claimedreward"},{"type":"single","resource":"emojivol1:emojivol1/emote_settings"},{"type":"single","resource":"bcicons:bcicons/trade_right_not"},{"type":"single","resource":"pixelemojis:emoji/yellow_heart"},{"type":"single","resource":"pixelemojis:emoji/money_mouth"},{"type":"single","resource":"pixelemojis:emoji/tongue_wink"},{"type":"single","resource":"pixelemojis:emoji/mask"},{"type":"single","resource":"tools:tools/lich/vs_lich_pickaxe"},{"type":"single","resource":"pixelemojis:emoji/slight_smile"},{"type":"single","resource":"boxpixstudio:boxpixstudio/cross_o"},{"type":"single","resource":"pixelemojis:emoji/devil_laugh"},{"type":"single","resource":"bcicons:bcicons/bundlefilled"},{"type":"single","resource":"tools:tools/oceanset/sword"},{"type":"single","resource":"emojivol1:emojivol1/emote_on"},{"type":"single","resource":"bcicons:bcicons/hdvaide"},{"type":"single","resource":"pixelemojis:emoji/zany_face"},{"type":"single","resource":"pixelemojis:emoji/slight_frown"},{"type":"single","resource":"customitems:customitems/lost_diamond"},{"type":"single","resource":"bcicons:bcicons/grimoire"},{"type":"single","resource":"ec_killeffects:disintegration"},{"type":"single","resource":"emojivol1:emojivol1/emote_left"},{"type":"single","resource":"tools:tools/fairyset/pickaxe"},{"type":"single","resource":"ec_killeffects:feather_scatter"},{"type":"single","resource":"emojivol1:emojivol1/emote_minus"},{"type":"single","resource":"pixelemojis:emoji/kissing"},{"type":"single","resource":"_iainternal:icons/icon_search"},{"type":"single","resource":"stones:stones/random-t5"},{"type":"single","resource":"customitems:customitems/meat_shard"},{"type":"single","resource":"stones:stones/random-t6"},{"type":"single","resource":"stones:stones/random-t3"},{"type":"single","resource":"bcicons:bcicons/upgradebutton_gui"},{"type":"single","resource":"stones:stones/random-t4"},{"type":"single","resource":"tools:tools/summerset/pickaxe"},{"type":"single","resource":"stones:stones/random-t1"},{"type":"single","resource":"stones:stones/random-t2"},{"type":"single","resource":"bcicons:bcicons/argent"},{"type":"single","resource":"adventcalendar:icon/genboot_missed"},{"type":"single","resource":"bcicons:bcicons/cadenas"},{"type":"single","resource":"tools:tools/steampunk/steampunk_gear"},{"type":"single","resource":"ores_and_more:purple_ore_deepslate"},{"type":"single","resource":"pixelemojis:emoji/sob"},{"type":"single","resource":"bcicons:bcicons/emerald"},{"type":"single","resource":"boxpixstudio:boxpixstudio/camera"},{"type":"single","resource":"pixelemojis:emoji/sweat_smile"},{"type":"single","resource":"ores_and_more:purple_ore"},{"type":"single","resource":"pixelemojis:emoji/weary"},{"type":"single","resource":"bcicons:bcicons/zodor"},{"type":"single","resource":"pixelemojis:emoji/angry"},{"type":"single","resource":"customitems:customitems/parchemin"},{"type":"single","resource":"boxpixstudio:boxpixstudio/home"},{"type":"single","resource":"ec_killeffects:glass_shatter"},{"type":"single","resource":"pixelemojis:emoji/left_arrow"},{"type":"single","resource":"bcicons:bcicons/cadenasouvert"},{"type":"single","resource":"customitems:customitems/gold_dust"},{"type":"single","resource":"pixelemojis:emoji/rolling_eyes"},{"type":"single","resource":"bcicons:bcicons/binding_gel_uncommon"},{"type":"single","resource":"bcicons:bcicons/hdvaccueil"},{"type":"single","resource":"ores_and_more:red_ore"},{"type":"single","resource":"pixelemojis:emoji/blue_heart"},{"type":"single","resource":"pixelemojis:emoji/smiley"},{"type":"single","resource":"pixelemojis:emoji/hushed"},{"type":"single","resource":"stones:stones/tool-t1"},{"type":"single","resource":"boxpixstudio:boxpixstudio/alert"},{"type":"single","resource":"stones:stones/tool-t3"},{"type":"single","resource":"stones:stones/tool-t2"},{"type":"single","resource":"pixelemojis:emoji/partying_face"},{"type":"single","resource":"modelengine:entity/colorsplash"},{"type":"single","resource":"bcicons:bcicons/andezitdarabka"},{"type":"single","resource":"bcicons:bcicons/creditsdown"},{"type":"single","resource":"tools:tools/summerset/key"},{"type":"single","resource":"bcicons:bcicons/ranks"},{"type":"single","resource":"emojivol1:emojivol1/emote_pause"},{"type":"single","resource":"bcicons:bcicons/flame"},{"type":"single","resource":"ores_and_more:raw_red_ore_block"},{"type":"single","resource":"ec_killeffects:sand_dissolve"},{"type":"single","resource":"modelengine:entity/dissolve_into_ash"},{"type":"single","resource":"customitems:customitems/big_lapis"},{"type":"single","resource":"bcicons:bcicons/binding_gel_legendary"},{"type":"single","resource":"customitems:customitems/emerald_seeds"},{"type":"single","resource":"pixelemojis:emoji/crying"},{"type":"single","resource":"emojivol1:emojivol1/emote_skip_right"},{"type":"single","resource":"bcicons:bcicons/powershard_legendary"},{"type":"single","resource":"boxpixstudio:boxpixstudio/info"},{"type":"single","resource":"tools:tools/overseer/overseer_pickaxe"},{"type":"single","resource":"stones:stones/pickaxe-t6"},{"type":"single","resource":"stones:stones/pickaxe-t5"},{"type":"single","resource":"pixelemojis:emoji/unamused"},{"type":"single","resource":"stones:stones/pickaxe-t4"},{"type":"single","resource":"emojivol1:emojivol1/emote_up"},{"type":"single","resource":"stones:stones/pickaxe-t3"},{"type":"single","resource":"stones:stones/pickaxe-t2"},{"type":"single","resource":"stones:stones/pickaxe-t1"},{"type":"single","resource":"pixelemojis:emoji/thermometer_face"},{"type":"single","resource":"bcicons:bcicons/binding_gel_rare"},{"type":"single","resource":"pixelemojis:emoji/worried"},{"type":"single","resource":"pixelemojis:emoji/star_struck"},{"type":"single","resource":"bcicons:bcicons/upgradebutton_can"},{"type":"single","resource":"adventcalendar:icon/snow_animation"},{"type":"single","resource":"emojivol1:emojivol1/emote_sound_off"},{"type":"single","resource":"pixelemojis:emoji/pensive"},{"type":"single","resource":"tools:tools/nebula/nebula_pickaxe"},{"type":"single","resource":"pixelemojis:emoji/anguished"},{"type":"single","resource":"customitems:customitems/totemcrate_common"},{"type":"single","resource":"modelengine:entity/energy_dissipation"},{"type":"single","resource":"pixelemojis:emoji/sunglasses"},{"type":"single","resource":"emojivol1:emojivol1/emote_i"},{"type":"single","resource":"bcicons:bcicons/warlord"},{"type":"single","resource":"pixelemojis:emoji/expressionless"},{"type":"single","resource":"pixelemojis:emoji/triumph"},{"type":"single","resource":"modelengine:entity/feather_scatter"},{"type":"single","resource":"emojivol1:emojivol1/emote_triangle_right"},{"type":"single","resource":"tools:tools/summerset/animations/bubble_1"},{"type":"single","resource":"tools:tools/merrychristmas/animated/pickaxe_1"},{"type":"single","resource":"bcicons:bcicons/chest_random_rune_t2"},{"type":"single","resource":"pixelemojis:emoji/smiling_hearts"},{"type":"single","resource":"bcicons:bcicons/chest_random_rune_t1"},{"type":"single","resource":"stones:stones/tool-t5"},{"type":"single","resource":"stones:stones/tool-t4"},{"type":"single","resource":"stones:stones/tool-t6"},{"type":"single","resource":"customitems:customitems/random_kill_effect"},{"type":"single","resource":"pixelemojis:emoji/raised_eye"},{"type":"single","resource":"pixelemojis:emoji/gift_blue"},{"type":"single","resource":"stones:stones/armor-t5"},{"type":"single","resource":"stones:stones/armor-t6"},{"type":"single","resource":"tools:tools/steampunk/steampunk_sword"},{"type":"single","resource":"tools:tools/oceanset/picaxe"},{"type":"single","resource":"stones:stones/armor-t1"},{"type":"single","resource":"stones:stones/armor-t2"},{"type":"single","resource":"stones:stones/armor-t3"},{"type":"single","resource":"stones:stones/armor-t4"},{"type":"single","resource":"customitems:customitems/packed_coal"},{"type":"single","resource":"_iainternal:icons/icon_back_orange"},{"type":"single","resource":"modelengine:entity/sand_dissolve"},{"type":"single","resource":"customitems:customitems/packed_stone"},{"type":"single","resource":"bcicons:bcicons/livre"},{"type":"single","resource":"emojivol1:emojivol1/emote_sound"},{"type":"single","resource":"bcicons:bcicons/vibrant_feather_3"},{"type":"single","resource":"boxpixstudio:boxpixstudio/check"},{"type":"single","resource":"emojivol1:emojivol1/emote_play"},{"type":"single","resource":"ores_and_more:red_ore_ingot"},{"type":"single","resource":"emojivol1:emojivol1/emote_social"},{"type":"single","resource":"ec_killeffects:ashes"},{"type":"single","resource":"tools:tools/steampunk/steam"},{"type":"single","resource":"pixelemojis:emoji/zipper_mouth"},{"type":"single","resource":"tools:tools/summerset/animations/animations_pickaxe"}]}