{"parent":"minecraft:item/generated","textures":{"layer0":"minecraft:item/arrow"},"overrides":[{"predicate":{"custom_model_data":10000},"model":"bcicons:ia_auto_gen/trade_down_can"},{"predicate":{"custom_model_data":10001},"model":"bcicons:ia_auto_gen/trade_down_not"},{"predicate":{"custom_model_data":10002},"model":"bcicons:ia_auto_gen/trade_right_can"},{"predicate":{"custom_model_data":10003},"model":"bcicons:ia_auto_gen/trade_right_not"},{"predicate":{"custom_model_data":10004},"model":"item/arrow"}]}