{"parent":"item/generated","textures":{"layer0":"item/feather"},"display":{"head":{"rotation":[0,0,45],"translation":[-1,13,7],"scale":[1,1,1]}},"overrides":[{"predicate":{"custom_model_data":10000},"model":"customitems:ia_auto_gen/packed_stone"},{"predicate":{"custom_model_data":10001},"model":"customitems:ia_auto_gen/packed_coal"},{"predicate":{"custom_model_data":10002},"model":"customitems:ia_auto_gen/packed_iron"},{"predicate":{"custom_model_data":10003},"model":"ec_killeffects:ia_auto_gen/feather_scatter"},{"predicate":{"custom_model_data":10004},"model":"item/feather"}]}