{"parent":"minecraft:item/handheld","textures":{"layer0":"minecraft:item/iron_sword"},"overrides":[{"predicate":{"custom_model_data":10029},"model":"customitems:ia_auto_gen/copper_sword"},{"predicate":{"custom_model_data":10030},"model":"customitems:ia_auto_gen/lapis_sword"},{"predicate":{"custom_model_data":10031},"model":"customitems:ia_auto_gen/redstone_sword"},{"predicate":{"custom_model_data":10032},"model":"tools:tools/oceanset/sword"},{"predicate":{"custom_model_data":10033},"model":"tools:tools/skeleton/sword"},{"predicate":{"custom_model_data":10034},"model":"item/iron_sword"}]}