{"overrides":[{"predicate":{"custom_model_data":1},"model":"modelengine:astral_projection/body_grey"},{"predicate":{"custom_model_data":2},"model":"modelengine:astral_projection/left_arm3"},{"predicate":{"custom_model_data":3},"model":"modelengine:astral_projection/right_arm"},{"predicate":{"custom_model_data":4},"model":"modelengine:astral_projection/right_leg"},{"predicate":{"custom_model_data":5},"model":"modelengine:astral_projection/head2"},{"predicate":{"custom_model_data":6},"model":"modelengine:astral_projection/left_leg3"},{"predicate":{"custom_model_data":7},"model":"modelengine:astral_projection/head"},{"predicate":{"custom_model_data":8},"model":"modelengine:astral_projection/left_leg"},{"predicate":{"custom_model_data":9},"model":"modelengine:astral_projection/left_arm"},{"predicate":{"custom_model_data":10},"model":"modelengine:astral_projection/left_arm2"},{"predicate":{"custom_model_data":11},"model":"modelengine:astral_projection/body"},{"predicate":{"custom_model_data":12},"model":"modelengine:astral_projection/left_leg2"},{"predicate":{"custom_model_data":13},"model":"modelengine:bubble_burst/head"},{"predicate":{"custom_model_data":14},"model":"modelengine:bubble_burst/right_arm"},{"predicate":{"custom_model_data":15},"model":"modelengine:bubble_burst/left_leg"},{"predicate":{"custom_model_data":16},"model":"modelengine:bubble_burst/body_grey"},{"predicate":{"custom_model_data":17},"model":"modelengine:bubble_burst/left_arm"},{"predicate":{"custom_model_data":18},"model":"modelengine:bubble_burst/right_leg"},{"predicate":{"custom_model_data":19},"model":"modelengine:bubble_burst/bone3"},{"predicate":{"custom_model_data":20},"model":"modelengine:bubble_burst/bone2"},{"predicate":{"custom_model_data":21},"model":"modelengine:bubble_burst/bone5"},{"predicate":{"custom_model_data":22},"model":"modelengine:bubble_burst/bone4"},{"predicate":{"custom_model_data":23},"model":"modelengine:bubble_burst/bone"},{"predicate":{"custom_model_data":24},"model":"modelengine:bubble_burst/bone6"},{"predicate":{"custom_model_data":25},"model":"modelengine:colorful_explosion/body_grey"},{"predicate":{"custom_model_data":26},"model":"modelengine:colorful_explosion/colorful_explosion_ef"},{"predicate":{"custom_model_data":27},"model":"modelengine:colorful_explosion/bone10"},{"predicate":{"custom_model_data":28},"model":"modelengine:colorful_explosion/bone"},{"predicate":{"custom_model_data":29},"model":"modelengine:colorful_explosion/bone13"},{"predicate":{"custom_model_data":30},"model":"modelengine:colorful_explosion/bone14"},{"predicate":{"custom_model_data":31},"model":"modelengine:colorful_explosion/bone11"},{"predicate":{"custom_model_data":32},"model":"modelengine:colorful_explosion/bone12"},{"predicate":{"custom_model_data":33},"model":"modelengine:colorful_explosion/head"},{"predicate":{"custom_model_data":34},"model":"modelengine:colorful_explosion/left_leg"},{"predicate":{"custom_model_data":35},"model":"modelengine:colorful_explosion/right_arm"},{"predicate":{"custom_model_data":36},"model":"modelengine:colorful_explosion/left_arm"},{"predicate":{"custom_model_data":37},"model":"modelengine:colorful_explosion/right_leg"},{"predicate":{"custom_model_data":38},"model":"modelengine:colorful_explosion/bone3"},{"predicate":{"custom_model_data":39},"model":"modelengine:colorful_explosion/bone2"},{"predicate":{"custom_model_data":40},"model":"modelengine:colorful_explosion/bone5"},{"predicate":{"custom_model_data":41},"model":"modelengine:colorful_explosion/bone4"},{"predicate":{"custom_model_data":42},"model":"modelengine:colorful_explosion/bone7"},{"predicate":{"custom_model_data":43},"model":"modelengine:colorful_explosion/bone6"},{"predicate":{"custom_model_data":44},"model":"modelengine:colorful_explosion/bone9"},{"predicate":{"custom_model_data":45},"model":"modelengine:colorful_explosion/bone8"},{"predicate":{"custom_model_data":46},"model":"modelengine:digital_disintegration/body_grey"},{"predicate":{"custom_model_data":47},"model":"modelengine:digital_disintegration/head"},{"predicate":{"custom_model_data":48},"model":"modelengine:digital_disintegration/left_leg"},{"predicate":{"custom_model_data":49},"model":"modelengine:digital_disintegration/right_arm"},{"predicate":{"custom_model_data":50},"model":"modelengine:digital_disintegration/left_arm"},{"predicate":{"custom_model_data":51},"model":"modelengine:digital_disintegration/right_leg"},{"predicate":{"custom_model_data":52},"model":"modelengine:digital_disintegration/bone3"},{"predicate":{"custom_model_data":53},"model":"modelengine:digital_disintegration/bone2"},{"predicate":{"custom_model_data":54},"model":"modelengine:digital_disintegration/bone5"},{"predicate":{"custom_model_data":55},"model":"modelengine:digital_disintegration/bone4"},{"predicate":{"custom_model_data":56},"model":"modelengine:digital_disintegration/bone"},{"predicate":{"custom_model_data":57},"model":"modelengine:digital_disintegration/bone7"},{"predicate":{"custom_model_data":58},"model":"modelengine:digital_disintegration/bone6"},{"predicate":{"custom_model_data":59},"model":"modelengine:digital_disintegration/bone8"},{"predicate":{"custom_model_data":60},"model":"modelengine:dissolve_into_ash/bone9"},{"predicate":{"custom_model_data":61},"model":"modelengine:dissolve_into_ash/body_grey"},{"predicate":{"custom_model_data":62},"model":"modelengine:dissolve_into_ash/head"},{"predicate":{"custom_model_data":63},"model":"modelengine:dissolve_into_ash/left_leg"},{"predicate":{"custom_model_data":64},"model":"modelengine:dissolve_into_ash/right_arm"},{"predicate":{"custom_model_data":65},"model":"modelengine:dissolve_into_ash/left_arm"},{"predicate":{"custom_model_data":66},"model":"modelengine:dissolve_into_ash/right_leg"},{"predicate":{"custom_model_data":67},"model":"modelengine:dissolve_into_ash/bone3"},{"predicate":{"custom_model_data":68},"model":"modelengine:dissolve_into_ash/bone2"},{"predicate":{"custom_model_data":69},"model":"modelengine:dissolve_into_ash/bone5"},{"predicate":{"custom_model_data":70},"model":"modelengine:dissolve_into_ash/bone4"},{"predicate":{"custom_model_data":71},"model":"modelengine:dissolve_into_ash/bone"},{"predicate":{"custom_model_data":72},"model":"modelengine:dissolve_into_ash/bone7"},{"predicate":{"custom_model_data":73},"model":"modelengine:dissolve_into_ash/bone6"},{"predicate":{"custom_model_data":74},"model":"modelengine:dissolve_into_ash/bone8"},{"predicate":{"custom_model_data":75},"model":"modelengine:energy_dissipation/head"},{"predicate":{"custom_model_data":76},"model":"modelengine:energy_dissipation/right_arm"},{"predicate":{"custom_model_data":77},"model":"modelengine:energy_dissipation/left_leg"},{"predicate":{"custom_model_data":78},"model":"modelengine:energy_dissipation/body_grey"},{"predicate":{"custom_model_data":79},"model":"modelengine:energy_dissipation/left_arm"},{"predicate":{"custom_model_data":80},"model":"modelengine:energy_dissipation/right_leg"},{"predicate":{"custom_model_data":81},"model":"modelengine:energy_dissipation/bone3"},{"predicate":{"custom_model_data":82},"model":"modelengine:energy_dissipation/bone2"},{"predicate":{"custom_model_data":83},"model":"modelengine:energy_dissipation/bone5"},{"predicate":{"custom_model_data":84},"model":"modelengine:energy_dissipation/bone4"},{"predicate":{"custom_model_data":85},"model":"modelengine:energy_dissipation/bone"},{"predicate":{"custom_model_data":86},"model":"modelengine:energy_dissipation/bone6"},{"predicate":{"custom_model_data":87},"model":"modelengine:feather_scatter/feather_scatter8"},{"predicate":{"custom_model_data":88},"model":"modelengine:feather_scatter/feather_scatter9"},{"predicate":{"custom_model_data":89},"model":"modelengine:feather_scatter/feather_scatter6"},{"predicate":{"custom_model_data":90},"model":"modelengine:feather_scatter/feather_scatter7"},{"predicate":{"custom_model_data":91},"model":"modelengine:feather_scatter/feather_scatter"},{"predicate":{"custom_model_data":92},"model":"modelengine:feather_scatter/feather_scatter4"},{"predicate":{"custom_model_data":93},"model":"modelengine:feather_scatter/body_grey"},{"predicate":{"custom_model_data":94},"model":"modelengine:feather_scatter/feather_scatter5"},{"predicate":{"custom_model_data":95},"model":"modelengine:feather_scatter/feather_scatter2"},{"predicate":{"custom_model_data":96},"model":"modelengine:feather_scatter/feather_scatter3"},{"predicate":{"custom_model_data":97},"model":"modelengine:feather_scatter/feather_scatter10"},{"predicate":{"custom_model_data":98},"model":"modelengine:feather_scatter/head"},{"predicate":{"custom_model_data":99},"model":"modelengine:feather_scatter/right_arm"},{"predicate":{"custom_model_data":100},"model":"modelengine:feather_scatter/left_leg"},{"predicate":{"custom_model_data":101},"model":"modelengine:feather_scatter/left_arm"},{"predicate":{"custom_model_data":102},"model":"modelengine:feather_scatter/right_leg"},{"predicate":{"custom_model_data":103},"model":"modelengine:glass_shatter/head"},{"predicate":{"custom_model_data":104},"model":"modelengine:glass_shatter/left_leg"},{"predicate":{"custom_model_data":105},"model":"modelengine:glass_shatter/right_arm"},{"predicate":{"custom_model_data":106},"model":"modelengine:glass_shatter/left_arm"},{"predicate":{"custom_model_data":107},"model":"modelengine:glass_shatter/right_leg"},{"predicate":{"custom_model_data":108},"model":"modelengine:glass_shatter/bone3"},{"predicate":{"custom_model_data":109},"model":"modelengine:glass_shatter/bone2"},{"predicate":{"custom_model_data":110},"model":"modelengine:glass_shatter/bone5"},{"predicate":{"custom_model_data":111},"model":"modelengine:glass_shatter/bone4"},{"predicate":{"custom_model_data":112},"model":"modelengine:glass_shatter/bone"},{"predicate":{"custom_model_data":113},"model":"modelengine:glass_shatter/body"},{"predicate":{"custom_model_data":114},"model":"modelengine:ice_shatter/head"},{"predicate":{"custom_model_data":115},"model":"modelengine:ice_shatter/left_leg"},{"predicate":{"custom_model_data":116},"model":"modelengine:ice_shatter/right_arm"},{"predicate":{"custom_model_data":117},"model":"modelengine:ice_shatter/left_arm"},{"predicate":{"custom_model_data":118},"model":"modelengine:ice_shatter/right_leg"},{"predicate":{"custom_model_data":119},"model":"modelengine:ice_shatter/body"},{"predicate":{"custom_model_data":120},"model":"modelengine:sand_dissolve/bone3"},{"predicate":{"custom_model_data":121},"model":"modelengine:sand_dissolve/bone2"},{"predicate":{"custom_model_data":122},"model":"modelengine:sand_dissolve/bone5"},{"predicate":{"custom_model_data":123},"model":"modelengine:sand_dissolve/bone4"},{"predicate":{"custom_model_data":124},"model":"modelengine:sand_dissolve/bone"},{"predicate":{"custom_model_data":125},"model":"modelengine:sand_dissolve/bone7"},{"predicate":{"custom_model_data":126},"model":"modelengine:sand_dissolve/bone6"},{"predicate":{"custom_model_data":127},"model":"modelengine:sand_dissolve/bone8"},{"predicate":{"custom_model_data":128},"model":"modelengine:sand_dissolve/head"},{"predicate":{"custom_model_data":129},"model":"modelengine:sand_dissolve/left_leg"},{"predicate":{"custom_model_data":130},"model":"modelengine:sand_dissolve/right_arm"},{"predicate":{"custom_model_data":131},"model":"modelengine:sand_dissolve/left_arm"},{"predicate":{"custom_model_data":132},"model":"modelengine:sand_dissolve/right_leg"},{"predicate":{"custom_model_data":133},"model":"modelengine:sand_dissolve/body"}],"parent":"minecraft:item/generated","textures":{"layer0":"minecraft:item/leather_horse_armor"}}