{"textures":{"1":"modelengine:entity/feather_scatter"},"elements":[{"from":[9.464935,8.074356,7.79],"to":[12.524935,8.494356,8.21],"faces":{"east":{"uv":[3.25,8.5,3.0,8.75],"tintindex":0,"rotation":0,"texture":"#1"},"south":{"uv":[2.5,8.5,0.0,8.75],"tintindex":0,"rotation":0,"texture":"#1"},"north":{"uv":[8.5,8.0,6.0,8.25],"tintindex":0,"rotation":0,"texture":"#1"},"west":{"uv":[8.75,2.5,8.5,2.75],"tintindex":0,"rotation":0,"texture":"#1"},"up":{"uv":[8.5,0.25,11.0,0.0],"tintindex":0,"rotation":0,"texture":"#1"},"down":{"uv":[8.5,0.5,11.0,0.75],"tintindex":0,"rotation":0,"texture":"#1"}},"rotation":{"origin":[11.294935,8.284357,8.0],"angle":22.5,"axis":"z"}},{"from":[2.896307,7.8332653,7.79],"to":[6.196307,8.253265,8.21],"faces":{"east":{"uv":[8.75,1.5,8.5,1.75],"tintindex":0,"rotation":0,"texture":"#1"},"south":{"uv":[8.75,7.5,6.0,7.75],"tintindex":0,"rotation":0,"texture":"#1"},"north":{"uv":[5.75,7.5,3.0,7.75],"tintindex":0,"rotation":0,"texture":"#1"},"west":{"uv":[8.75,1.0,8.5,1.25],"tintindex":0,"rotation":0,"texture":"#1"},"up":{"uv":[0.0,8.25,2.75,8.0],"tintindex":0,"rotation":0,"texture":"#1"},"down":{"uv":[3.0,8.0,5.75,8.25],"tintindex":0,"rotation":0,"texture":"#1"}},"rotation":{"origin":[4.9963074,8.043266,8.0],"angle":-22.5,"axis":"z"}},{"from":[6.024599,7.390032,7.79],"to":[9.684599,7.810032,8.21],"faces":{"east":{"uv":[2.75,8.5,2.5,8.75],"tintindex":0,"rotation":0,"texture":"#1"},"south":{"uv":[6.0,7.0,3.0,7.25],"tintindex":0,"rotation":0,"texture":"#1"},"north":{"uv":[3.0,7.0,0.0,7.25],"tintindex":0,"rotation":0,"texture":"#1"},"west":{"uv":[8.75,2.0,8.5,2.25],"tintindex":0,"rotation":0,"texture":"#1"},"up":{"uv":[6.0,7.25,9.0,7.0],"tintindex":0,"rotation":0,"texture":"#1"},"down":{"uv":[0.0,7.5,3.0,7.75],"tintindex":0,"rotation":0,"texture":"#1"}}},{"from":[6.105192,7.5839996,6.05],"to":[9.705193,7.5839996,9.95],"faces":{"up":{"uv":[3.5,3.25,6.5,0.0],"tintindex":0,"rotation":0,"texture":"#1"},"down":{"uv":[3.5,0.0,6.5,3.25],"tintindex":0,"rotation":0,"texture":"#1"}}},{"from":[3.7963076,8.043266,6.05],"to":[6.196307,8.043266,9.95],"faces":{"up":{"uv":[6.5,3.25,8.5,0.0],"tintindex":0,"rotation":0,"texture":"#1"},"down":{"uv":[6.5,0.0,8.5,3.25],"tintindex":0,"rotation":0,"texture":"#1"}},"rotation":{"origin":[4.9963074,8.043266,8.0],"angle":-22.5,"axis":"z"}},{"from":[9.568405,8.272877,6.05],"to":[13.768405,8.272877,9.95],"faces":{"up":{"uv":[0.0,3.25,3.5,0.0],"tintindex":0,"rotation":0,"texture":"#1"},"down":{"uv":[0.0,0.0,3.5,3.25],"tintindex":0,"rotation":0,"texture":"#1"}},"rotation":{"origin":[11.368404,8.272877,8.0],"angle":22.5,"axis":"z"}}],"display":{"gui":{"rotation":[30,225,0]}}}