{"textures":{"1":"modelengine:entity/feather_scatter"},"elements":[{"from":[7.79,8.074356,9.464935],"to":[8.21,8.494356,12.524935],"faces":{"east":{"uv":[8.5,8.0,6.0,8.25],"tintindex":0,"rotation":0,"texture":"#1"},"south":{"uv":[3.25,8.5,3.0,8.75],"tintindex":0,"rotation":0,"texture":"#1"},"north":{"uv":[8.75,2.5,8.5,2.75],"tintindex":0,"rotation":0,"texture":"#1"},"west":{"uv":[2.5,8.5,0.0,8.75],"tintindex":0,"rotation":0,"texture":"#1"},"up":{"uv":[8.5,0.25,11.0,0.0],"tintindex":0,"rotation":90,"texture":"#1"},"down":{"uv":[8.5,0.5,11.0,0.75],"tintindex":0,"rotation":270,"texture":"#1"}},"rotation":{"origin":[8.0,8.284357,11.294935],"angle":-22.5,"axis":"x"}},{"from":[6.0499997,7.5840006,6.105192],"to":[9.95,7.5840006,9.705193],"faces":{"up":{"uv":[3.5,3.25,6.5,0.0],"tintindex":0,"rotation":90,"texture":"#1"},"down":{"uv":[3.5,0.0,6.5,3.25],"tintindex":0,"rotation":270,"texture":"#1"}}},{"from":[6.0499997,8.272877,9.568405],"to":[9.95,8.272877,13.768405],"faces":{"up":{"uv":[0.0,3.25,3.5,0.0],"tintindex":0,"rotation":90,"texture":"#1"},"down":{"uv":[0.0,0.0,3.5,3.25],"tintindex":0,"rotation":270,"texture":"#1"}},"rotation":{"origin":[8.0,8.272877,11.368405],"angle":-22.5,"axis":"x"}},{"from":[7.79,7.390031,6.024599],"to":[8.21,7.810032,9.684599],"faces":{"east":{"uv":[3.0,7.0,0.0,7.25],"tintindex":0,"rotation":0,"texture":"#1"},"south":{"uv":[2.75,8.5,2.5,8.75],"tintindex":0,"rotation":0,"texture":"#1"},"north":{"uv":[8.75,2.0,8.5,2.25],"tintindex":0,"rotation":0,"texture":"#1"},"west":{"uv":[6.0,7.0,3.0,7.25],"tintindex":0,"rotation":0,"texture":"#1"},"up":{"uv":[6.0,7.25,9.0,7.0],"tintindex":0,"rotation":90,"texture":"#1"},"down":{"uv":[0.0,7.5,3.0,7.75],"tintindex":0,"rotation":270,"texture":"#1"}}},{"from":[6.0499997,8.043266,3.796307],"to":[9.95,8.043266,6.196307],"faces":{"up":{"uv":[6.5,3.25,8.5,0.0],"tintindex":0,"rotation":90,"texture":"#1"},"down":{"uv":[6.5,0.0,8.5,3.25],"tintindex":0,"rotation":270,"texture":"#1"}},"rotation":{"origin":[8.0,8.043266,4.9963074],"angle":22.5,"axis":"x"}},{"from":[7.79,7.8332653,2.896307],"to":[8.21,8.253265,6.196307],"faces":{"east":{"uv":[5.75,7.5,3.0,7.75],"tintindex":0,"rotation":0,"texture":"#1"},"south":{"uv":[8.75,1.5,8.5,1.75],"tintindex":0,"rotation":0,"texture":"#1"},"north":{"uv":[8.75,1.0,8.5,1.25],"tintindex":0,"rotation":0,"texture":"#1"},"west":{"uv":[8.75,7.5,6.0,7.75],"tintindex":0,"rotation":0,"texture":"#1"},"up":{"uv":[0.0,8.25,2.75,8.0],"tintindex":0,"rotation":90,"texture":"#1"},"down":{"uv":[3.0,8.0,5.75,8.25],"tintindex":0,"rotation":270,"texture":"#1"}},"rotation":{"origin":[8.0,8.043266,4.9963074],"angle":22.5,"axis":"x"}}],"display":{"gui":{"rotation":[30,225,0]}}}