{"textures":{"1":"modelengine:entity/feather_scatter"},"elements":[{"from":[6.315401,7.8400307,7.79],"to":[9.975401,8.260031,8.21],"faces":{"east":{"uv":[8.5,2.0,8.75,2.25],"tintindex":0,"rotation":0,"texture":"#1"},"south":{"uv":[3.0,7.0,6.0,7.25],"tintindex":0,"rotation":0,"texture":"#1"},"north":{"uv":[0.0,7.0,3.0,7.25],"tintindex":0,"rotation":0,"texture":"#1"},"west":{"uv":[2.5,8.5,2.75,8.75],"tintindex":0,"rotation":0,"texture":"#1"},"up":{"uv":[9.0,7.25,6.0,7.0],"tintindex":0,"rotation":0,"texture":"#1"},"down":{"uv":[3.0,7.5,0.0,7.75],"tintindex":0,"rotation":0,"texture":"#1"}}},{"from":[3.4750652,8.524356,7.79],"to":[6.5350647,8.944356,8.21],"faces":{"east":{"uv":[8.5,2.5,8.75,2.75],"tintindex":0,"rotation":0,"texture":"#1"},"south":{"uv":[0.0,8.5,2.5,8.75],"tintindex":0,"rotation":0,"texture":"#1"},"north":{"uv":[6.0,8.0,8.5,8.25],"tintindex":0,"rotation":0,"texture":"#1"},"west":{"uv":[3.0,8.5,3.25,8.75],"tintindex":0,"rotation":0,"texture":"#1"},"up":{"uv":[11.0,0.25,8.5,0.0],"tintindex":0,"rotation":0,"texture":"#1"},"down":{"uv":[11.0,0.5,8.5,0.75],"tintindex":0,"rotation":0,"texture":"#1"}},"rotation":{"origin":[4.705065,8.734356,8.0],"angle":-22.5,"axis":"z"}},{"from":[9.803693,8.283266,7.79],"to":[13.103693,8.703266,8.21],"faces":{"east":{"uv":[8.5,1.0,8.75,1.25],"tintindex":0,"rotation":0,"texture":"#1"},"south":{"uv":[6.0,7.5,8.75,7.75],"tintindex":0,"rotation":0,"texture":"#1"},"north":{"uv":[3.0,7.5,5.75,7.75],"tintindex":0,"rotation":0,"texture":"#1"},"west":{"uv":[8.5,1.5,8.75,1.75],"tintindex":0,"rotation":0,"texture":"#1"},"up":{"uv":[2.75,8.25,0.0,8.0],"tintindex":0,"rotation":0,"texture":"#1"},"down":{"uv":[5.75,8.0,3.0,8.25],"tintindex":0,"rotation":0,"texture":"#1"}},"rotation":{"origin":[11.003693,8.493266,8.0],"angle":22.5,"axis":"z"}},{"from":[6.294808,8.034,6.05],"to":[9.894808,8.034,9.95],"faces":{"up":{"uv":[6.5,3.25,3.5,0.0],"tintindex":0,"rotation":0,"texture":"#1"},"down":{"uv":[6.5,0.0,3.5,3.25],"tintindex":0,"rotation":0,"texture":"#1"}}},{"from":[9.803693,8.493266,6.05],"to":[12.203693,8.493266,9.95],"faces":{"up":{"uv":[8.5,3.25,6.5,0.0],"tintindex":0,"rotation":0,"texture":"#1"},"down":{"uv":[8.5,0.0,6.5,3.25],"tintindex":0,"rotation":0,"texture":"#1"}},"rotation":{"origin":[11.003693,8.493266,8.0],"angle":22.5,"axis":"z"}},{"from":[2.231595,8.722876,6.05],"to":[6.431595,8.722876,9.95],"faces":{"up":{"uv":[3.5,3.25,0.0,0.0],"tintindex":0,"rotation":0,"texture":"#1"},"down":{"uv":[3.5,0.0,0.0,3.25],"tintindex":0,"rotation":0,"texture":"#1"}},"rotation":{"origin":[4.631595,8.722876,8.0],"angle":-22.5,"axis":"z"}}],"display":{"gui":{"rotation":[30,225,0]}}}