{"providers":[{"file":"char/black.png","chars":[""],"height":1,"ascent":-5000,"type":"bitmap"},{"file":"char/black.png","chars":[""],"height":2,"ascent":-5000,"type":"bitmap"},{"file":"char/black.png","chars":[""],"height":3,"ascent":-5000,"type":"bitmap"},{"file":"char/black.png","chars":[""],"height":4,"ascent":-5000,"type":"bitmap"},{"file":"char/black.png","chars":[""],"height":5,"ascent":-5000,"type":"bitmap"},{"file":"char/black.png","chars":[""],"height":6,"ascent":-5000,"type":"bitmap"},{"file":"char/black.png","chars":[""],"height":7,"ascent":-5000,"type":"bitmap"},{"file":"char/black.png","chars":[""],"height":15,"ascent":-5000,"type":"bitmap"},{"file":"char/black.png","chars":[""],"height":31,"ascent":-5000,"type":"bitmap"},{"file":"char/black.png","chars":[""],"height":63,"ascent":-5000,"type":"bitmap"},{"file":"char/black.png","chars":[""],"height":127,"ascent":-5000,"type":"bitmap"},{"file":"char/black.png","chars":[""],"height":256,"ascent":-5000,"type":"bitmap"},{"file":"char/black.png","chars":[""],"height":512,"ascent":-5000,"type":"bitmap"},{"file":"char/black.png","chars":[""],"height":1024,"ascent":-5000,"type":"bitmap"},{"file":"char/black.png","chars":[""],"height":-3,"ascent":-5000,"type":"bitmap"},{"file":"char/black.png","chars":[""],"height":-4,"ascent":-5000,"type":"bitmap"},{"file":"char/black.png","chars":[""],"height":-5,"ascent":-5000,"type":"bitmap"},{"file":"char/black.png","chars":[""],"height":-6,"ascent":-5000,"type":"bitmap"},{"file":"char/black.png","chars":[""],"height":-7,"ascent":-5000,"type":"bitmap"},{"file":"char/black.png","chars":[""],"height":-8,"ascent":-5000,"type":"bitmap"},{"file":"char/black.png","chars":[""],"height":-9,"ascent":-5000,"type":"bitmap"},{"file":"char/black.png","chars":[""],"height":-10,"ascent":-5000,"type":"bitmap"},{"file":"char/black.png","chars":[""],"height":-18,"ascent":-5000,"type":"bitmap"},{"file":"char/black.png","chars":[""],"height":-34,"ascent":-5000,"type":"bitmap"},{"file":"char/black.png","chars":[""],"height":-66,"ascent":-5000,"type":"bitmap"},{"file":"char/black.png","chars":[""],"height":-130,"ascent":-5000,"type":"bitmap"},{"file":"char/black.png","chars":[""],"height":-259,"ascent":-5000,"type":"bitmap"},{"file":"char/black.png","chars":[""],"height":-515,"ascent":-5000,"type":"bitmap"},{"file":"char/black.png","chars":[""],"height":-1027,"ascent":-5000,"type":"bitmap"},{"file":"rarity:item/common.png","chars":[""],"height":7,"ascent":6,"type":"bitmap"},{"file":"rarity:item/uncommon.png","chars":[""],"height":7,"ascent":6,"type":"bitmap"},{"file":"rarity:item/rare.png","chars":[""],"height":7,"ascent":6,"type":"bitmap"},{"file":"rarity:item/epic.png","chars":[""],"height":7,"ascent":6,"type":"bitmap"},{"file":"rarity:item/item.png","chars":[""],"height":9,"ascent":8,"type":"bitmap"},{"file":"rarity:item/material.png","chars":[""],"height":7,"ascent":6,"type":"bitmap"},{"file":"rarity:item/legendary.png","chars":[""],"height":9,"ascent":8,"type":"bitmap"},{"file":"rarity:item/mythic.png","chars":[""],"height":9,"ascent":8,"type":"bitmap"},{"file":"emojivol1:emojivol1/emote_right.png","chars":[""],"height":32,"ascent":16,"type":"bitmap"},{"file":"emojivol1:emojivol1/emote_left.png","chars":[""],"height":32,"ascent":16,"type":"bitmap"},{"file":"emojivol1:emojivol1/emote_down.png","chars":[""],"height":32,"ascent":16,"type":"bitmap"},{"file":"menubuilder:menubuilder/background.png","chars":[""],"height":112,"ascent":0,"type":"bitmap"},{"file":"menubuilder:menubuilder/background.png","chars":[""],"height":112,"ascent":18,"type":"bitmap"},{"file":"menubuilder:menubuilder/background.png","chars":[""],"height":112,"ascent":36,"type":"bitmap"},{"file":"menubuilder:menubuilder/background.png","chars":[""],"height":112,"ascent":54,"type":"bitmap"},{"file":"menubuilder:menubuilder/background.png","chars":[""],"height":112,"ascent":72,"type":"bitmap"},{"file":"menubuilder:menubuilder/background.png","chars":[""],"height":112,"ascent":90,"type":"bitmap"},{"file":"menubuilder:menubuilder/title_gray.png","chars":[""],"height":24,"ascent":24,"type":"bitmap"},{"file":"menubuilder:menubuilder/title_orange.png","chars":[""],"height":24,"ascent":24,"type":"bitmap"},{"file":"menubuilder:menubuilder/title_green.png","chars":[""],"height":24,"ascent":24,"type":"bitmap"},{"file":"menubuilder:menubuilder/title_red.png","chars":[""],"height":24,"ascent":24,"type":"bitmap"},{"file":"menubuilder:menubuilder/title_background_1.png","chars":[""],"height":24,"ascent":24,"type":"bitmap"},{"file":"menubuilder:menubuilder/title_background_2.png","chars":[""],"height":24,"ascent":24,"type":"bitmap"},{"file":"menubuilder:menubuilder/title_background_3.png","chars":[""],"height":24,"ascent":24,"type":"bitmap"},{"file":"menubuilder:menubuilder/font_a.png","chars":[""],"height":17,"ascent":17,"type":"bitmap"},{"file":"menubuilder:menubuilder/font_b.png","chars":[""],"height":17,"ascent":17,"type":"bitmap"},{"file":"menubuilder:menubuilder/font_c.png","chars":[""],"height":17,"ascent":17,"type":"bitmap"},{"file":"menubuilder:menubuilder/font_d.png","chars":[""],"height":17,"ascent":17,"type":"bitmap"},{"file":"menubuilder:menubuilder/font_e.png","chars":[""],"height":17,"ascent":17,"type":"bitmap"},{"file":"menubuilder:menubuilder/font_f.png","chars":[""],"height":17,"ascent":17,"type":"bitmap"},{"file":"menubuilder:menubuilder/font_g.png","chars":[""],"height":17,"ascent":17,"type":"bitmap"},{"file":"menubuilder:menubuilder/font_h.png","chars":[""],"height":17,"ascent":17,"type":"bitmap"},{"file":"menubuilder:menubuilder/font_i.png","chars":[""],"height":17,"ascent":17,"type":"bitmap"},{"file":"menubuilder:menubuilder/font_j.png","chars":[""],"height":17,"ascent":17,"type":"bitmap"},{"file":"menubuilder:menubuilder/font_k.png","chars":[""],"height":17,"ascent":17,"type":"bitmap"},{"file":"menubuilder:menubuilder/font_l.png","chars":[""],"height":17,"ascent":17,"type":"bitmap"},{"file":"menubuilder:menubuilder/font_m.png","chars":[""],"height":17,"ascent":17,"type":"bitmap"},{"file":"menubuilder:menubuilder/font_n.png","chars":[""],"height":17,"ascent":17,"type":"bitmap"},{"file":"menubuilder:menubuilder/font_o.png","chars":[""],"height":17,"ascent":17,"type":"bitmap"},{"file":"menubuilder:menubuilder/font_p.png","chars":[""],"height":17,"ascent":17,"type":"bitmap"},{"file":"menubuilder:menubuilder/font_q.png","chars":[""],"height":17,"ascent":17,"type":"bitmap"},{"file":"menubuilder:menubuilder/font_r.png","chars":[""],"height":17,"ascent":17,"type":"bitmap"},{"file":"menubuilder:menubuilder/font_s.png","chars":[""],"height":17,"ascent":17,"type":"bitmap"},{"file":"menubuilder:menubuilder/font_t.png","chars":[""],"height":17,"ascent":17,"type":"bitmap"},{"file":"menubuilder:menubuilder/font_u.png","chars":[""],"height":17,"ascent":17,"type":"bitmap"},{"file":"menubuilder:menubuilder/font_v.png","chars":[""],"height":17,"ascent":17,"type":"bitmap"},{"file":"menubuilder:menubuilder/font_w.png","chars":[""],"height":17,"ascent":17,"type":"bitmap"},{"file":"menubuilder:menubuilder/font_x.png","chars":[""],"height":17,"ascent":17,"type":"bitmap"},{"file":"menubuilder:menubuilder/font_y.png","chars":[""],"height":17,"ascent":17,"type":"bitmap"},{"file":"menubuilder:menubuilder/font_z.png","chars":[""],"height":17,"ascent":17,"type":"bitmap"},{"file":"menubuilder:menubuilder/font_e_accent.png","chars":[""],"height":20,"ascent":20,"type":"bitmap"},{"file":"menubuilder:menubuilder/font_a_accent.png","chars":[""],"height":20,"ascent":20,"type":"bitmap"},{"file":"menubuilder:menubuilder/font_i_accent.png","chars":[""],"height":20,"ascent":20,"type":"bitmap"},{"file":"menubuilder:menubuilder/font_o_accent.png","chars":[""],"height":20,"ascent":20,"type":"bitmap"},{"file":"menubuilder:menubuilder/font_o_double_accent.png","chars":[""],"height":20,"ascent":20,"type":"bitmap"},{"file":"menubuilder:menubuilder/font_o_double_point.png","chars":[""],"height":19,"ascent":19,"type":"bitmap"},{"file":"menubuilder:menubuilder/font_u_accent.png","chars":[""],"height":20,"ascent":20,"type":"bitmap"},{"file":"menubuilder:menubuilder/font_u_double_point.png","chars":[""],"height":19,"ascent":19,"type":"bitmap"},{"file":"menubuilder:menubuilder/font_u_double_accent.png","chars":[""],"height":20,"ascent":20,"type":"bitmap"},{"file":"menubuilder:menubuilder/font_dot.png","chars":[""],"height":17,"ascent":17,"type":"bitmap"},{"file":"bcicons:bcicons/argent.png","chars":[""],"height":11,"ascent":10,"type":"bitmap"},{"file":"bcicons:bcicons/argent2.png","chars":[""],"height":11,"ascent":10,"type":"bitmap"},{"file":"bcicons:bcicons/credits.png","chars":[""],"height":11,"ascent":9,"type":"bitmap"},{"file":"bcicons:bcicons/prismarinecrystals.png","chars":[""],"height":10,"ascent":9,"type":"bitmap"},{"file":"bcicons:bcicons/boxpvp.png","chars":[""],"height":16,"ascent":15,"type":"bitmap"},{"file":"bcicons:bcicons/pickaxeupgrader.png","chars":[""],"height":36,"ascent":35,"type":"bitmap"},{"file":"bcicons:bcicons/itemupgrader.png","chars":[""],"height":36,"ascent":35,"type":"bitmap"},{"file":"bcicons:bcicons/hdvoutils.png","chars":[""],"height":11,"ascent":9,"type":"bitmap"},{"file":"bcicons:bcicons/trophee.png","chars":[""],"height":11,"ascent":9,"type":"bitmap"},{"file":"bcicons:bcicons/cadeau.png","chars":[""],"height":11,"ascent":9,"type":"bitmap"},{"file":"bcicons:bcicons/livre.png","chars":[""],"height":11,"ascent":9,"type":"bitmap"},{"file":"bcicons:bcicons/hdvaccueil.png","chars":[""],"height":11,"ascent":9,"type":"bitmap"},{"file":"bcicons:bcicons/coin.png","chars":[""],"height":11,"ascent":9,"type":"bitmap"},{"file":"bcicons:bcicons/bc.png","chars":[""],"height":11,"ascent":9,"type":"bitmap"},{"file":"bcicons:bcicons/left_click.png","chars":[""],"height":7,"ascent":7,"type":"bitmap"},{"file":"bcicons:bcicons/right_click.png","chars":[""],"height":7,"ascent":7,"type":"bitmap"},{"file":"bcicons:bcicons/shift_button.png","chars":[""],"height":7,"ascent":7,"type":"bitmap"},{"file":"bcicons:bcicons/red_warning.png","chars":[""],"height":9,"ascent":8,"type":"bitmap"},{"file":"bcicons:bcicons/green_warning.png","chars":[""],"height":9,"ascent":8,"type":"bitmap"},{"file":"bcicons:bcicons/blue_warning.png","chars":[""],"height":9,"ascent":8,"type":"bitmap"},{"file":"bcicons:bcicons/orange_warning.png","chars":[""],"height":9,"ascent":8,"type":"bitmap"},{"file":"bcicons:bcicons/online_players.png","chars":[""],"height":9,"ascent":8,"type":"bitmap"},{"file":"bcicons:bcicons/coins.png","chars":[""],"height":10,"ascent":9,"type":"bitmap"},{"file":"pixelemojis:emoji/angry.png","chars":[""],"height":11,"ascent":10,"type":"bitmap"},{"file":"pixelemojis:emoji/blush.png","chars":[""],"height":10,"ascent":8,"type":"bitmap"},{"file":"pixelemojis:emoji/crying.png","chars":[""],"height":10,"ascent":8,"type":"bitmap"},{"file":"pixelemojis:emoji/devil_laugh.png","chars":[""],"height":10,"ascent":8,"type":"bitmap"},{"file":"pixelemojis:emoji/zipper_mouth.png","chars":[""],"height":10,"ascent":8,"type":"bitmap"},{"file":"pixelemojis:emoji/heart.png","chars":[""],"height":10,"ascent":8,"type":"bitmap"},{"file":"pixelemojis:emoji/disappointed.png","chars":[""],"height":10,"ascent":8,"type":"bitmap"},{"file":"pixelemojis:emoji/expressionless.png","chars":[""],"height":10,"ascent":8,"type":"bitmap"},{"file":"pixelemojis:emoji/flushed.png","chars":[""],"height":10,"ascent":8,"type":"bitmap"},{"file":"pixelemojis:emoji/grimacing.png","chars":[""],"height":10,"ascent":8,"type":"bitmap"},{"file":"pixelemojis:emoji/grin.png","chars":[""],"height":10,"ascent":8,"type":"bitmap"},{"file":"pixelemojis:emoji/grinning.png","chars":[""],"height":10,"ascent":8,"type":"bitmap"},{"file":"pixelemojis:emoji/heart_eyes.png","chars":[""],"height":10,"ascent":8,"type":"bitmap"},{"file":"pixelemojis:emoji/hushed.png","chars":[""],"height":10,"ascent":8,"type":"bitmap"},{"file":"pixelemojis:emoji/innocent.png","chars":[""],"height":10,"ascent":8,"type":"bitmap"},{"file":"pixelemojis:emoji/joy.png","chars":[""],"height":10,"ascent":8,"type":"bitmap"},{"file":"pixelemojis:emoji/kissing.png","chars":[""],"height":10,"ascent":8,"type":"bitmap"},{"file":"pixelemojis:emoji/kissing_heart.png","chars":[""],"height":10,"ascent":8,"type":"bitmap"},{"file":"pixelemojis:emoji/mask.png","chars":[""],"height":10,"ascent":8,"type":"bitmap"},{"file":"pixelemojis:emoji/nerd.png","chars":[""],"height":10,"ascent":8,"type":"bitmap"},{"file":"pixelemojis:emoji/neutral_face.png","chars":[""],"height":10,"ascent":8,"type":"bitmap"},{"file":"pixelemojis:emoji/no_mouth.png","chars":[""],"height":10,"ascent":8,"type":"bitmap"},{"file":"pixelemojis:emoji/open_mouth.png","chars":[""],"height":10,"ascent":8,"type":"bitmap"},{"file":"pixelemojis:emoji/partying_face.png","chars":[""],"height":10,"ascent":8,"type":"bitmap"},{"file":"pixelemojis:emoji/pensive.png","chars":[""],"height":10,"ascent":8,"type":"bitmap"},{"file":"pixelemojis:emoji/rage.png","chars":[""],"height":10,"ascent":8,"type":"bitmap"},{"file":"pixelemojis:emoji/raised_eye.png","chars":[""],"height":10,"ascent":8,"type":"bitmap"},{"file":"pixelemojis:emoji/relieved.png","chars":[""],"height":10,"ascent":8,"type":"bitmap"},{"file":"pixelemojis:emoji/rolling_eyes.png","chars":[""],"height":10,"ascent":8,"type":"bitmap"},{"file":"pixelemojis:emoji/satisfied.png","chars":[""],"height":10,"ascent":8,"type":"bitmap"},{"file":"pixelemojis:emoji/sleeping.png","chars":[""],"height":10,"ascent":8,"type":"bitmap"},{"file":"pixelemojis:emoji/slight_frown.png","chars":[""],"height":10,"ascent":8,"type":"bitmap"},{"file":"pixelemojis:emoji/slight_smile.png","chars":[""],"height":10,"ascent":8,"type":"bitmap"},{"file":"pixelemojis:emoji/smile.png","chars":[""],"height":10,"ascent":8,"type":"bitmap"},{"file":"pixelemojis:emoji/smiley.png","chars":[""],"height":10,"ascent":8,"type":"bitmap"},{"file":"pixelemojis:emoji/smiling_hearts.png","chars":[""],"height":10,"ascent":8,"type":"bitmap"},{"file":"pixelemojis:emoji/smiling_imp.png","chars":[""],"height":10,"ascent":8,"type":"bitmap"},{"file":"pixelemojis:emoji/smirk.png","chars":[""],"height":10,"ascent":8,"type":"bitmap"},{"file":"pixelemojis:emoji/sob.png","chars":[""],"height":10,"ascent":8,"type":"bitmap"},{"file":"pixelemojis:emoji/star_struck.png","chars":[""],"height":10,"ascent":8,"type":"bitmap"},{"file":"pixelemojis:emoji/stuck_out_tongue.png","chars":[""],"height":10,"ascent":8,"type":"bitmap"},{"file":"pixelemojis:emoji/sunglasses.png","chars":[""],"height":10,"ascent":8,"type":"bitmap"},{"file":"pixelemojis:emoji/sweat_smile.png","chars":[""],"height":10,"ascent":8,"type":"bitmap"},{"file":"pixelemojis:emoji/tongue_closed.png","chars":[""],"height":10,"ascent":8,"type":"bitmap"},{"file":"pixelemojis:emoji/tongue_wink.png","chars":[""],"height":10,"ascent":8,"type":"bitmap"},{"file":"pixelemojis:emoji/unamused.png","chars":[""],"height":10,"ascent":8,"type":"bitmap"},{"file":"pixelemojis:emoji/upside_down.png","chars":[""],"height":10,"ascent":8,"type":"bitmap"},{"file":"pixelemojis:emoji/wink.png","chars":[""],"height":10,"ascent":8,"type":"bitmap"},{"file":"pixelemojis:emoji/yum.png","chars":[""],"height":10,"ascent":8,"type":"bitmap"},{"file":"pixelemojis:emoji/zany_face.png","chars":[""],"height":10,"ascent":8,"type":"bitmap"},{"file":"pixelemojis:emoji/blue_heart.png","chars":[""],"height":10,"ascent":8,"type":"bitmap"},{"file":"pixelemojis:emoji/purple_heart.png","chars":[""],"height":10,"ascent":8,"type":"bitmap"},{"file":"pixelemojis:emoji/orange_heart.png","chars":[""],"height":10,"ascent":8,"type":"bitmap"},{"file":"pixelemojis:emoji/yellow_heart.png","chars":[""],"height":10,"ascent":8,"type":"bitmap"},{"file":"pixelemojis:emoji/green_heart.png","chars":[""],"height":10,"ascent":8,"type":"bitmap"},{"file":"pixelemojis:emoji/sus.png","chars":[""],"height":10,"ascent":8,"type":"bitmap"},{"file":"pixelemojis:emoji/f.png","chars":[""],"height":10,"ascent":8,"type":"bitmap"},{"file":"pixelemojis:emoji/up_arrow.png","chars":[""],"height":10,"ascent":8,"type":"bitmap"},{"file":"pixelemojis:emoji/down_arrow.png","chars":[""],"height":10,"ascent":8,"type":"bitmap"},{"file":"pixelemojis:emoji/right_arrow.png","chars":[""],"height":10,"ascent":8,"type":"bitmap"},{"file":"pixelemojis:emoji/left_arrow.png","chars":[""],"height":10,"ascent":8,"type":"bitmap"},{"file":"pixelemojis:emoji/top_left_arrow.png","chars":[""],"height":10,"ascent":8,"type":"bitmap"},{"file":"pixelemojis:emoji/top_right_arrow.png","chars":[""],"height":10,"ascent":8,"type":"bitmap"},{"file":"pixelemojis:emoji/bottom_left_arrow.png","chars":[""],"height":10,"ascent":8,"type":"bitmap"},{"file":"pixelemojis:emoji/bottom_right_arrow.png","chars":[""],"height":10,"ascent":8,"type":"bitmap"},{"file":"pixelemojis:emoji/anguished.png","chars":[""],"height":10,"ascent":8,"type":"bitmap"},{"file":"pixelemojis:emoji/dizzy_face.png","chars":[""],"height":10,"ascent":8,"type":"bitmap"},{"file":"pixelemojis:emoji/gift_blue.png","chars":[""],"height":10,"ascent":8,"type":"bitmap"},{"file":"pixelemojis:emoji/gift_purple.png","chars":[""],"height":10,"ascent":8,"type":"bitmap"},{"file":"pixelemojis:emoji/gift_red.png","chars":[""],"height":10,"ascent":8,"type":"bitmap"},{"file":"pixelemojis:emoji/gift_yellow.png","chars":[""],"height":10,"ascent":8,"type":"bitmap"},{"file":"pixelemojis:emoji/head_bandage.png","chars":[""],"height":10,"ascent":8,"type":"bitmap"},{"file":"pixelemojis:emoji/hushed2.png","chars":[""],"height":10,"ascent":8,"type":"bitmap"},{"file":"pixelemojis:emoji/money_mouth.png","chars":[""],"height":10,"ascent":8,"type":"bitmap"},{"file":"pixelemojis:emoji/scream.png","chars":[""],"height":10,"ascent":8,"type":"bitmap"},{"file":"pixelemojis:emoji/sleepy.png","chars":[""],"height":10,"ascent":8,"type":"bitmap"},{"file":"pixelemojis:emoji/thermometer_face.png","chars":[""],"height":10,"ascent":8,"type":"bitmap"},{"file":"pixelemojis:emoji/tired_face.png","chars":[""],"height":10,"ascent":8,"type":"bitmap"},{"file":"pixelemojis:emoji/triumph.png","chars":[""],"height":10,"ascent":8,"type":"bitmap"},{"file":"pixelemojis:emoji/weary.png","chars":[""],"height":10,"ascent":8,"type":"bitmap"},{"file":"pixelemojis:emoji/worried.png","chars":[""],"height":10,"ascent":8,"type":"bitmap"},{"file":"menus:menus/ahmain.png","chars":[""],"height":138,"ascent":25,"type":"bitmap"},{"file":"menus:menus/ahexpired.png","chars":[""],"height":138,"ascent":25,"type":"bitmap"},{"file":"menus:menus/ahpurchased.png","chars":[""],"height":138,"ascent":25,"type":"bitmap"},{"file":"menus:menus/ahcategories.png","chars":[""],"height":119,"ascent":25,"type":"bitmap"},{"file":"menus:menus/ahremove.png","chars":[""],"height":83,"ascent":25,"type":"bitmap"},{"file":"menus:menus/ahconfirm.png","chars":[""],"height":83,"ascent":25,"type":"bitmap"},{"file":"menus:menus/ahselling.png","chars":[""],"height":138,"ascent":25,"type":"bitmap"},{"file":"menus:menus/ahpreview.png","chars":[""],"height":138,"ascent":25,"type":"bitmap"},{"file":"menus:menus/ahsearch.png","chars":[""],"height":138,"ascent":25,"type":"bitmap"},{"file":"menus:menus/dailyrewards.png","chars":[""],"height":84,"ascent":25,"type":"bitmap"},{"file":"menus:menus/armorupgrade.png","chars":[""],"height":123,"ascent":28,"type":"bitmap"},{"file":"menus:menus/pickaxeupgrade.png","chars":[""],"height":138,"ascent":25,"type":"bitmap"},{"file":"menus:menus/pickaxemulti.png","chars":[""],"height":138,"ascent":25,"type":"bitmap"},{"file":"menus:menus/pickaxerebirth.png","chars":[""],"height":138,"ascent":25,"type":"bitmap"},{"file":"menus:menus/compressors.png","chars":[""],"height":66,"ascent":25,"type":"bitmap"},{"file":"menus:menus/perks.png","chars":[""],"height":83,"ascent":25,"type":"bitmap"},{"file":"menus:menus/abilityshop.png","chars":[""],"height":83,"ascent":25,"type":"bitmap"},{"file":"menus:menus/keyshop.png","chars":[""],"height":83,"ascent":25,"type":"bitmap"},{"file":"menus:menus/mail.png","chars":[""],"height":138,"ascent":25,"type":"bitmap"},{"file":"menus:menus/ranks.png","chars":[""],"height":83,"ascent":25,"type":"bitmap"},{"file":"menus:menus/pvpprotectshop.png","chars":[""],"height":48,"ascent":25,"type":"bitmap"},{"file":"menus:menus/messages.png","chars":[""],"height":102,"ascent":25,"type":"bitmap"},{"file":"menus:menus/main.png","chars":[""],"height":83,"ascent":25,"type":"bitmap"},{"file":"menus:menus/quests.png","chars":[""],"height":83,"ascent":25,"type":"bitmap"},{"file":"menus:menus/questshop.png","chars":[""],"height":83,"ascent":25,"type":"bitmap"},{"file":"menus:menus/questchoose.png","chars":[""],"height":138,"ascent":25,"type":"bitmap"},{"file":"menus:menus/questchoose_v2.png","chars":[""],"height":138,"ascent":25,"type":"bitmap"},{"file":"menus:menus/forgemain.png","chars":[""],"height":83,"ascent":25,"type":"bitmap"},{"file":"menus:menus/forgecreaterune.png","chars":[""],"height":83,"ascent":25,"type":"bitmap"},{"file":"menus:menus/forgeruneupgrade.png","chars":[""],"height":83,"ascent":25,"type":"bitmap"},{"file":"menus:menus/runerecycler.png","chars":[""],"height":102,"ascent":25,"type":"bitmap"},{"file":"menus:menus/forgeruneenchant.png","chars":[""],"height":83,"ascent":25,"type":"bitmap"},{"file":"menus:menus/quicktrade.png","chars":[""],"height":120,"ascent":25,"type":"bitmap"},{"file":"menus:menus/totems.png","chars":[""],"height":84,"ascent":25,"type":"bitmap"},{"file":"menus:menus/material_upgrade.png","chars":[""],"height":120,"ascent":25,"type":"bitmap"},{"file":"menus:menus/material_downgrade.png","chars":[""],"height":120,"ascent":25,"type":"bitmap"},{"file":"menus:menus/killeffects.png","chars":[""],"height":102,"ascent":25,"type":"bitmap"},{"file":"menus:menus/specific_material.png","chars":[""],"height":102,"ascent":25,"type":"bitmap"},{"file":"menus:menus/vault.png","chars":[""],"height":48,"ascent":25,"type":"bitmap"},{"file":"menus:menus/compressor_buy.png","chars":[""],"height":120,"ascent":25,"type":"bitmap"},{"file":"menus:menus/armor_seller.png","chars":[""],"height":120,"ascent":25,"type":"bitmap"},{"file":"menus:menus/boci_merchant.png","chars":[""],"height":120,"ascent":25,"type":"bitmap"},{"file":"menus:menus/item_available.png","chars":[""],"height":111,"ascent":0,"type":"bitmap"},{"file":"menus:menus/item_available.png","chars":[""],"height":111,"ascent":18,"type":"bitmap"},{"file":"menus:menus/item_available.png","chars":[""],"height":111,"ascent":36,"type":"bitmap"},{"file":"menus:menus/item_available.png","chars":[""],"height":111,"ascent":54,"type":"bitmap"},{"file":"menus:menus/item_available.png","chars":[""],"height":111,"ascent":72,"type":"bitmap"},{"file":"menus:menus/item_available.png","chars":[""],"height":111,"ascent":90,"type":"bitmap"},{"file":"menus:menus/item_unavailable.png","chars":[""],"height":111,"ascent":0,"type":"bitmap"},{"file":"menus:menus/item_unavailable.png","chars":[""],"height":111,"ascent":18,"type":"bitmap"},{"file":"menus:menus/item_unavailable.png","chars":[""],"height":111,"ascent":36,"type":"bitmap"},{"file":"menus:menus/item_unavailable.png","chars":[""],"height":111,"ascent":54,"type":"bitmap"},{"file":"menus:menus/item_unavailable.png","chars":[""],"height":111,"ascent":72,"type":"bitmap"},{"file":"menus:menus/item_unavailable.png","chars":[""],"height":111,"ascent":90,"type":"bitmap"},{"file":"_iainternal:hud/small_cooldown_bar/0.png","chars":[""],"height":22,"ascent":-42,"type":"bitmap"},{"file":"_iainternal:hud/small_cooldown_bar/1.png","chars":[""],"height":22,"ascent":-42,"type":"bitmap"},{"file":"_iainternal:hud/small_cooldown_bar/2.png","chars":[""],"height":22,"ascent":-42,"type":"bitmap"},{"file":"_iainternal:hud/small_cooldown_bar/3.png","chars":[""],"height":22,"ascent":-42,"type":"bitmap"},{"file":"_iainternal:hud/small_cooldown_bar/4.png","chars":[""],"height":22,"ascent":-42,"type":"bitmap"},{"file":"_iainternal:hud/small_cooldown_bar/5.png","chars":[""],"height":22,"ascent":-42,"type":"bitmap"},{"file":"_iainternal:hud/small_cooldown_bar/6.png","chars":[""],"height":22,"ascent":-42,"type":"bitmap"},{"file":"_iainternal:hud/small_cooldown_bar/7.png","chars":[""],"height":22,"ascent":-42,"type":"bitmap"},{"file":"_iainternal:hud/small_cooldown_bar/8.png","chars":[""],"height":22,"ascent":-42,"type":"bitmap"},{"file":"_iainternal:hud/small_cooldown_bar/9.png","chars":[""],"height":22,"ascent":-42,"type":"bitmap"},{"file":"_iainternal:hud/small_cooldown_bar/10.png","chars":[""],"height":22,"ascent":-42,"type":"bitmap"},{"file":"_iainternal:hud/small_cooldown_bar/11.png","chars":[""],"height":22,"ascent":-42,"type":"bitmap"},{"file":"_iainternal:hud/small_cooldown_bar/12.png","chars":[""],"height":22,"ascent":-42,"type":"bitmap"},{"file":"_iainternal:hud/small_cooldown_bar/13.png","chars":[""],"height":22,"ascent":-42,"type":"bitmap"},{"file":"_iainternal:hud/small_cooldown_bar/14.png","chars":[""],"height":22,"ascent":-42,"type":"bitmap"},{"file":"_iainternal:hud/small_cooldown_bar/15.png","chars":[""],"height":22,"ascent":-42,"type":"bitmap"},{"file":"_iainternal:hud/small_cooldown_bar/16.png","chars":[""],"height":22,"ascent":-42,"type":"bitmap"},{"file":"_iainternal:hud/small_cooldown_bar/17.png","chars":[""],"height":22,"ascent":-42,"type":"bitmap"},{"file":"_iainternal:hud/small_cooldown_bar/18.png","chars":[""],"height":22,"ascent":-42,"type":"bitmap"},{"file":"_iainternal:hud/small_cooldown_bar/19.png","chars":[""],"height":22,"ascent":-42,"type":"bitmap"},{"file":"_iainternal:hud/small_cooldown_bar/20.png","chars":[""],"height":22,"ascent":-42,"type":"bitmap"},{"file":"adventcalendar:gui/advcalendar_gui.png","chars":[""],"height":256,"ascent":95,"type":"bitmap"},{"file":"_iainternal:gui/no_recipe.png","chars":[""],"height":170,"ascent":47,"type":"bitmap"},{"file":"_iainternal:gui/crafting.png","chars":[""],"height":170,"ascent":47,"type":"bitmap"},{"file":"_iainternal:gui/cooking.png","chars":[""],"height":170,"ascent":47,"type":"bitmap"},{"file":"_iainternal:gui/blank_menu.png","chars":[""],"height":170,"ascent":47,"type":"bitmap"},{"file":"_iainternal:gui/anvil_repair.png","chars":[""],"height":170,"ascent":47,"type":"bitmap"},{"file":"_iainternal:gui/smithing.png","chars":[""],"height":170,"ascent":47,"type":"bitmap"},{"file":"kdicons:item/kingdoms3.png","chars":[""],"height":16,"ascent":15,"type":"bitmap"},{"file":"kdicons:item/22w.png","chars":[""],"height":9,"ascent":8,"type":"bitmap"},{"file":"kdicons:item/1ng.png","chars":[""],"height":7,"ascent":7,"type":"bitmap"},{"file":"kdicons:item/holo_ah.png","chars":[""],"height":16,"ascent":14,"type":"bitmap"},{"file":"kdicons:item/holo_info.png","chars":[""],"height":16,"ascent":14,"type":"bitmap"},{"file":"kdicons:item/holo_xpshop.png","chars":[""],"height":16,"ascent":14,"type":"bitmap"},{"file":"kdicons:item/holo_randomtp.png","chars":[""],"height":11,"ascent":9,"type":"bitmap"},{"file":"kdicons:item/holo_abilityshop.png","chars":[""],"height":11,"ascent":9,"type":"bitmap"},{"file":"kdicons:item/holo_dailyrewards.png","chars":[""],"height":11,"ascent":9,"type":"bitmap"},{"file":"kdicons:item/holo_bcshop.png","chars":[""],"height":11,"ascent":9,"type":"bitmap"},{"file":"kdicons:item/exp.png","chars":[""],"height":9,"ascent":8,"type":"bitmap"},{"file":"kdicons:item/checkmark.png","chars":[""],"height":11,"ascent":9,"type":"bitmap"},{"file":"kdicons:item/deny.png","chars":[""],"height":11,"ascent":9,"type":"bitmap"},{"file":"kdicons:item/ability_crate.png","chars":[""],"height":10,"ascent":8,"type":"bitmap"},{"file":"kdicons:item/magic_crate.png","chars":[""],"height":10,"ascent":8,"type":"bitmap"},{"file":"kdicons:item/eternal_crate.png","chars":[""],"height":10,"ascent":8,"type":"bitmap"},{"file":"kdicons:item/cosmetic_crate.png","chars":[""],"height":10,"ascent":8,"type":"bitmap"},{"file":"kdicons:item/koth_crate.png","chars":[""],"height":10,"ascent":8,"type":"bitmap"}]}