{"textures":{"1":"modelengine:entity/body_grey"},"elements":[{"from":[8.0,-3.0,6.0],"to":[12.0,9.0,10.0],"faces":{"east":{"uv":[11.0,13.0,10.0,16.0],"tintindex":0,"rotation":0,"texture":"#1"},"south":{"uv":[12.0,13.0,11.0,16.0],"tintindex":0,"rotation":0,"texture":"#1"},"north":{"uv":[10.0,13.0,9.0,16.0],"tintindex":0,"rotation":0,"texture":"#1"},"west":{"uv":[9.0,13.0,8.0,16.0],"tintindex":0,"rotation":0,"texture":"#1"},"up":{"uv":[9.0,13.0,10.0,12.0],"tintindex":0,"rotation":0,"texture":"#1"},"down":{"uv":[10.0,12.0,11.0,13.0],"tintindex":0,"rotation":0,"texture":"#1"}}}],"display":{"gui":{"rotation":[30,225,0]}}}