{"textures":{"1":"modelengine:entity/colorsplash"},"elements":[{"from":[15.724563,-5.185752,2.025536],"to":[15.724563,3.7759438,13.974464],"faces":{"east":{"uv":[4.5,5.625,6.0,6.75],"tintindex":0,"rotation":0,"texture":"#1"},"west":{"uv":[6.0,0.0,7.5,1.125],"tintindex":0,"rotation":0,"texture":"#1"}},"rotation":{"origin":[15.724563,-2.1985197,8.0],"angle":-45.0,"axis":"z"}},{"from":[13.698094,2.0255356,19.255194],"to":[22.137024,13.974464,19.255194],"faces":{"south":{"uv":[7.125,3.375,8.1875,4.875],"tintindex":0,"rotation":0,"texture":"#1"},"north":{"uv":[4.125,6.75,5.1875,8.25],"tintindex":0,"rotation":0,"texture":"#1"}},"rotation":{"origin":[14.668945,6.506384,19.255194],"angle":45.0,"axis":"y"}},{"from":[-6.137025,2.0255356,19.255194],"to":[2.3019056,13.974464,19.255194],"faces":{"south":{"uv":[6.0,4.875,7.0625,6.375],"tintindex":0,"rotation":0,"texture":"#1"},"north":{"uv":[6.0,3.375,7.0625,4.875],"tintindex":0,"rotation":0,"texture":"#1"}},"rotation":{"origin":[1.3310552,6.506384,19.255194],"angle":-45.0,"axis":"y"}},{"from":[2.025536,12.224585,0.27565622],"to":[13.974464,21.18628,0.27565622],"faces":{"south":{"uv":[3.0,4.125,4.5,5.25],"tintindex":0,"rotation":0,"texture":"#1"},"north":{"uv":[3.0,3.0,4.5,4.125],"tintindex":0,"rotation":0,"texture":"#1"}},"rotation":{"origin":[8.0,18.199047,0.27565622],"angle":45.0,"axis":"x"}},{"from":[19.948929,2.0255356,2.025536],"to":[19.948929,13.974464,13.974464],"faces":{"east":{"uv":[0.0,3.0,1.5,4.5],"tintindex":0,"rotation":0,"texture":"#1"},"west":{"uv":[3.0,0.0,4.5,1.5],"tintindex":0,"rotation":0,"texture":"#1"}}},{"from":[2.025536,-5.1862803,15.724344],"to":[13.974464,3.7754164,15.724344],"faces":{"south":{"uv":[4.5,3.375,6.0,4.5],"tintindex":0,"rotation":0,"texture":"#1"},"north":{"uv":[4.5,2.25,6.0,3.375],"tintindex":0,"rotation":0,"texture":"#1"}},"rotation":{"origin":[8.0,-2.199048,15.724344],"angle":45.0,"axis":"x"}},{"from":[13.698094,2.0255356,-3.2551937],"to":[22.137024,13.974464,-3.2551937],"faces":{"south":{"uv":[6.0,6.375,7.0625,7.875],"tintindex":0,"rotation":0,"texture":"#1"},"north":{"uv":[3.0,6.375,4.0625,7.875],"tintindex":0,"rotation":0,"texture":"#1"}},"rotation":{"origin":[14.668945,6.506384,-3.2551937],"angle":-45.0,"axis":"y"}},{"from":[15.724563,12.224056,2.025536],"to":[15.724563,21.185751,13.974464],"faces":{"east":{"uv":[6.0,1.125,7.5,2.25],"tintindex":0,"rotation":0,"texture":"#1"},"west":{"uv":[6.0,2.25,7.5,3.375],"tintindex":0,"rotation":0,"texture":"#1"}},"rotation":{"origin":[15.724563,18.19852,8.0],"angle":45.0,"axis":"z"}},{"from":[2.025536,12.224585,15.724344],"to":[13.974464,21.18628,15.724344],"faces":{"south":{"uv":[3.0,5.25,4.5,6.375],"tintindex":0,"rotation":0,"texture":"#1"},"north":{"uv":[4.5,4.5,6.0,5.625],"tintindex":0,"rotation":0,"texture":"#1"}},"rotation":{"origin":[8.0,18.199047,15.724344],"angle":-45.0,"axis":"x"}},{"from":[-6.137025,2.0255356,-3.2551937],"to":[2.3019056,13.974464,-3.2551937],"faces":{"south":{"uv":[1.125,6.75,2.1875,8.25],"tintindex":0,"rotation":0,"texture":"#1"},"north":{"uv":[0.0,6.75,1.0625,8.25],"tintindex":0,"rotation":0,"texture":"#1"}},"rotation":{"origin":[1.3310552,6.506384,-3.2551937],"angle":45.0,"axis":"y"}},{"from":[0.27543736,-5.185752,2.025536],"to":[0.27543736,3.7759438,13.974464],"faces":{"east":{"uv":[0.0,5.625,1.5,6.75],"tintindex":0,"rotation":0,"texture":"#1"},"west":{"uv":[1.5,5.625,3.0,6.75],"tintindex":0,"rotation":0,"texture":"#1"}},"rotation":{"origin":[0.27543736,-2.1985197,8.0],"angle":45.0,"axis":"z"}},{"from":[-3.9489279,2.0255356,2.025536],"to":[-3.9489279,13.974464,13.974464],"faces":{"east":{"uv":[1.5,0.0,3.0,1.5],"tintindex":0,"rotation":0,"texture":"#1"},"west":{"uv":[1.5,1.5,3.0,3.0],"tintindex":0,"rotation":0,"texture":"#1"}}},{"from":[2.025536,2.0255356,19.948929],"to":[13.974464,13.974464,19.948929],"faces":{"south":{"uv":[0.0,1.5,1.5,3.0],"tintindex":0,"rotation":0,"texture":"#1"},"north":{"uv":[0.0,0.0,1.5,1.5],"tintindex":0,"rotation":0,"texture":"#1"}}},{"from":[2.025536,2.0255356,-3.9489279],"to":[13.974464,13.974464,-3.9489279],"faces":{"south":{"uv":[3.0,1.5,4.5,3.0],"tintindex":0,"rotation":0,"texture":"#1"},"north":{"uv":[1.5,3.0,3.0,4.5],"tintindex":0,"rotation":0,"texture":"#1"}}},{"from":[0.27543736,12.224056,2.025536],"to":[0.27543736,21.185751,13.974464],"faces":{"east":{"uv":[0.0,4.5,1.5,5.625],"tintindex":0,"rotation":0,"texture":"#1"},"west":{"uv":[4.5,0.0,6.0,1.125],"tintindex":0,"rotation":0,"texture":"#1"}},"rotation":{"origin":[0.27543736,18.19852,8.0],"angle":-45.0,"axis":"z"}},{"from":[2.025536,-5.1862803,0.27565622],"to":[13.974464,3.7754164,0.27565622],"faces":{"south":{"uv":[1.5,4.5,3.0,5.625],"tintindex":0,"rotation":0,"texture":"#1"},"north":{"uv":[4.5,1.125,6.0,2.25],"tintindex":0,"rotation":0,"texture":"#1"}},"rotation":{"origin":[8.0,-2.199048,0.27565622],"angle":-45.0,"axis":"x"}}],"display":{"gui":{"rotation":[30,225,0]}}}