{"textures":{"1":"modelengine:entity/energy_dissipation"},"elements":[{"from":[6.0,6.0,6.0],"to":[10.0,10.0,10.0],"faces":{"east":{"uv":[0.0,4.0,4.0,8.0],"tintindex":0,"rotation":0,"texture":"#1"},"south":{"uv":[4.0,0.0,8.0,4.0],"tintindex":0,"rotation":0,"texture":"#1"},"north":{"uv":[0.0,0.0,4.0,4.0],"tintindex":0,"rotation":0,"texture":"#1"},"west":{"uv":[4.0,4.0,8.0,8.0],"tintindex":0,"rotation":0,"texture":"#1"},"up":{"uv":[4.0,12.0,0.0,8.0],"tintindex":0,"rotation":0,"texture":"#1"},"down":{"uv":[12.0,0.0,8.0,4.0],"tintindex":0,"rotation":0,"texture":"#1"}}}],"display":{"gui":{"rotation":[30,225,0]}}}