{"textures":{"1":"modelengine:entity/dissolve_into_ash"},"elements":[{"from":[6.44,6.44,6.44],"to":[9.56,9.559999,9.559999],"faces":{"east":{"uv":[0.0,12.0,4.0,16.0],"tintindex":0,"rotation":0,"texture":"#1"},"south":{"uv":[0.0,12.0,4.0,16.0],"tintindex":0,"rotation":0,"texture":"#1"},"north":{"uv":[0.0,12.0,4.0,16.0],"tintindex":0,"rotation":0,"texture":"#1"},"west":{"uv":[0.0,12.0,4.0,16.0],"tintindex":0,"rotation":0,"texture":"#1"},"up":{"uv":[0.0,12.0,4.0,16.0],"tintindex":0,"rotation":0,"texture":"#1"},"down":{"uv":[0.0,12.0,4.0,16.0],"tintindex":0,"rotation":0,"texture":"#1"}}}],"display":{"gui":{"rotation":[30,225,0]}}}