{
    "kill_fx.astral_projection": {
        "sounds": [
            "ec_killeffects:v1/astral_projection"
        ]
    },
    "kill_fx.bubble": {
        "sounds": [
            "ec_killeffects:v1/bubble"
        ]
    },
    "kill_fx.colorful_explosion": {
        "sounds": [
            "ec_killeffects:v1/colorful_explosion"
        ]
    },
    "kill_fx.digital_disintegration": {
        "sounds": [
            "ec_killeffects:v1/digital_disintegration"
        ]
    },
    "kill_fx.dissolve_into_ash": {
        "sounds": [
            "ec_killeffects:v1/dissolve_into_ash"
        ]
    },
    "kill_fx.energy_dissipation": {
        "sounds": [
            "ec_killeffects:v1/energy_dissipation"
        ]
    },
    "kill_fx.feather_scatter": {
        "sounds": [
            "ec_killeffects:v1/feather_scatter"
        ]
    },
    "kill_fx.glass": {
        "sounds": [
            "ec_killeffects:v1/glass"
        ]
    },
    "kill_fx.ice": {
        "sounds": [
            "ec_killeffects:v1/ice"
        ]
    },
    "kill_fx.sand": {
        "sounds": [
            "ec_killeffects:v1/sand"
        ]
    }
}